1,test_user,0,A Similarity Based Fuzzy System as a Function Approximator,2025-11-14 17:45:32,"[5072115, 29050805, 2596758, 8016644, 2722659, 58981968]",1502f794c263c3edc841cedb44a10ec0,[]
2,test_user,0,Using Fuzzy,2025-11-14 17:49:42,"[4861824, 4857483]",d62f8e1152b10eab87ad7baf99000873,"[('4857483', 'works')]"
1,test_user,1,Optical Amplifier,2025-11-15 18:55:01,"[938446, 221846, 17414175, 49550138, 149185084]",ef574539873a899d6f8b6edcd12b6930,"[('221846', 'author'), ('938446', 'author'), ('938446', 'author'), ('17414175', 'works')]"
2,test_user,1,optical filters,2025-11-15 18:56:39,"[818343, 4471349, 6508017, 31416772, 31271327, 12779532, 848126, 24776079, 77239980, 17044188, 4864590, 4858415, 42862271, 37620571, 829496, 4470647, 2253433, 2252894, 54174550, 754126, 12778478, 953795, 705807, 4467224, 4464950, 2262863, 2255358, 830093, 24710850, 24732962, 17013549, 37471209, 24920156, 31342291, 2249494, 24859937, 4475209, 2255956]",fe15a1745b501aac78da0eb8bb828f13,[]
1,test_user,2,chemical space,2025-11-16 10:15:33,"[31328183, 15243951, 58974004, 18043032, 85860824, 44607810, 4466242]",ab40c5e2885348717adc3a4a6f72be56,"[('58974004', 'author'), ('18043032', 'works'), ('15243951', 'works'), ('44607810', 'works'), ('18043032', 'author'), ('18043032', 'works'), ('18043032', 'works'), ('58974004', 'works'), ('18043032', 'works')]"
2,test_user,2,Research on Narrative Space Design,2025-11-16 10:16:07,"[4415908, 8360540, 4400662, 30600359, 18522367, 7794189, 68372537, 347880, 74256021]",5ee4d58dc14e506f17939a1bee9ff210,[]
1,test_user,3,"Approximation, Randomization, and Combinatorial Optimization. Algorithms and Techniques, 13th International Workshop, APPROX 2010, and 14th International Workshop, RANDOM 2010, Barcelona, Spain, September 1-3, 2010. Proceedings",2025-11-17 02:05:37,"[39965849, 34252052, 42862840, 18051298]",2978f5af5d979f79403857d25b8b7a4c,"[('18051298', 'works')]"
2,test_user,3,"Approximation, Randomization, and Combinatorial Optimization. Algorithms and Techniques - 14th International Workshop, APPROX 2011, and 15th International Workshop, RANDOM 2011, Princeton, NJ, USA, August 17-19, 2011. Proceedings",2025-11-17 02:09:32,"[24797329, 39971331, 18072878, 50064633, 17227900, 142555226, 39975922]",ecb72d427c4d5f829dfbae8596b3629d,[]
1,test_user,4,Stress extraversie,2025-09-12 06:35:58,"[6432899, 6432266, 31247956, 51829313, 6434834, 31133910, 7229597, 42937224, 7145734, 71794071]",b949e1894a2094d4076bb0bc0e1962b3,[]
2,test_user,4,Stress personality,2025-09-12 06:40:11,"[78226438, 43733124, 46047411, 31640408, 41656015, 43333128, 48106096, 44678717, 41637496, 38048233]",14711721e5a372996b36c00676b5363b,"[('78226438', 'works')]"
1,test_user,5,jasminum sambac flower,2025-09-12 07:28:52,"[165815728, 290281242, 122716544, 168016965, 70900246, 122714733, 141544010, 142401038, 122718098, 18983987]",ff9c980c15ae80bdf44eaa20cc374df3,"[('290281242', 'works')]"
2,test_user,5,jasminum sambac flower scent,2025-09-12 07:36:52,"[291231255, 290281242, 122718098, 67559904, 171689129, 136681317, 2133554, 66906890, 150554109, 156836176]",f99f733b4b690656cd443299c420af60,[]
3,test_user,5,jasminum sambac enhancing productivity ,2025-09-12 07:40:37,"[51494281, 142401038, 292423089, 160657715, 66887159, 109525552, 171688862, 122717536, 149189483, 10939552]",34e2555fe5a8423d496fb2368ebab3a1,[]
1,test_user,6,Contactless check-in hotels and resorts,2025-11-28 06:12:19,"[10099589, 8663422, 170475655, 300218099, 159481743, 131199462, 150457113, 17801663, 124887065, 295102281]",634bd64e1ac0a2816e1377366c24a3ba,[]
2,test_user,6,Implementation of contactless check-in hotels ,2025-11-28 06:16:52,"[24997142, 2681531, 15026414, 26881734, 51329491, 46140222, 8663422, 150457113]",02e484750e1cd08607879ff5a49854e0,"[('24997142', 'author')]"
1,test_user,7," ""Phlebitis"", ""Peripheral Intravenous Catheter"", ""PIVC"", ""Prevention"", ""Nursing Intervention"", ""Randomized Controlled Trial"", ""Quasi-experimental"", ""Mean"", และ ""Standard Deviation""",2025-11-29 12:00:32,"[26138190, 142263022, 302883360, 104146287, 161502366, 170169310, 300428717]",4d40b863e633802eab6848a055386ba3,[]
2,test_user,7,Intervention or Phlebitis,2025-11-29 12:04:10,"[8699246, 41646420, 44873926, 5236080, 5517682, 41033831, 6240436, 1528205, 8003864, 41636882]",dcca584ccb7ea3bdfc597b16d7291897,"[('8699246', 'works')]"
1,test_user,8,Tallinn Manual on the International Law Applicable to Cyber Warfare,2025-11-29 12:01:34,"[68494059, 63033983, 84339121, 7123537, 39924222, 17826683, 15125354, 8257283, 8257290]",1ae1f4ac9ea89fd73ef5f41df7ba0772,"[('68494059', 'works')]"
2,test_user,8,Tallinn Manual 1.0,2025-11-29 12:04:33,"[4232030, 2927831, 40820817, 115353327, 2694645, 4221986, 158264257, 34274931, 85862637, 86026673]",c9837707b8d5603d799b28e3348c2d68,[]
1,test_user,9,political economy ,2025-11-29 14:02:24,"[8363660, 8868469, 83534447, 41663790, 67880113, 2349506, 5224397, 26619882, 2897301, 1193127]",08f177ecd460f9d7191fa8ac06e28ea7,"[('83534447', 'works')]"
2,test_user,9,political economy  in nigeria ,2025-11-29 14:04:44,"[83534447, 2650723, 2478463, 8861506, 7107408, 3101857, 2685624, 3099796, 5264773]",9e09ce22ed155099801d479dc91df25b,[]
1,test_user,10,Bougainvillea flower extract dyeing”,2025-11-29 14:13:38,"[46728157, 300231973, 172804410, 125154342, 291182531, 122715329, 171963782, 276089791, 292647843]",da0b80a68460ba0793461063b5938b98,"[('125154342', 'works')]"
2,test_user,10,hibiscus flower extract dyeing”,2025-11-29 14:17:58,"[77465160, 46728157, 11014373, 85609536, 45548150, 172804410, 300231973, 125139587]",aeaec7ae0c4452f61136340ad86429c7,[]
1,test_user,11,chitosan based intelligent food packaging,2025-11-29 19:46:39,"[18521339, 8362901, 46727914, 19525450, 50536061, 39832709, 8435741, 40932040, 9061080]",5d5b4bb25157866b8a2e40e8f33785fa,"[('18521339', 'works')]"
2,test_user,11,intelligent food packaging,2025-11-29 19:51:39,"[46777036, 9846393, 19526174, 31128058, 64747067, 9596037, 47497884, 9832299, 19216532, 7796450]",1cfb12d19626862284e94b818ff35d1b,[]
1,test_user,12,"26th ACM Symposium on Parallelism in Algorithms and Architectures, SPAA '14, Prague, Czech Republic - June 23 - 25, 2014",2025-11-30 09:09:07,"[125420665, 145895009, 143556058, 61679900, 108126236, 69665978]",d5ab2651af49c4e9990afd61fd83a830,"[('143556058', 'works'), ('143556058', 'works')]"
2,test_user,12,"24th ACM Symposium on Parallelism in Algorithms and Architectures, SPAA '12, Pittsburgh, PA, USA, June 25-27, 2012",2025-11-30 09:09:46,"[18065347, 34250755, 24765450, 69665978]",b321b2519a684bed71f079f355b65d5c,[]
1,test_user,13,How effective is the international criminal court in prosecuting nationals of non-state parties to the Rome statute of the ICC who are accused of having committed international crimes?,2025-11-30 18:52:21,"[301584428, 19588768, 7984755, 38397870, 62062649, 83536837, 192217291, 129024806, 38475192, 38333298]",1aa5148024b76ad6c0ea09d1dea87523,[]
2,test_user,13,effectiveness of the  international criminal court,2025-11-30 18:52:56,"[39929438, 21020412, 31633765, 39476490, 38445974, 66416725, 134936963, 5101922, 46753491]",51d4ee7f23608e9d4548bff5b7cc8624,"[('31633765', 'works')]"
1,test_user,14,Assessment of Nurses’ Knowledge and Practices Regarding Pain and Sedation Scales in Intensive Care Units,2025-11-30 20:27:08,"[8135518, 8134732, 8136786, 8012195, 18614464, 8591815, 8620499, 8010470, 33151664]",921c75ea350f6c4a38626ac46a8ceede,"[('8591815', 'works'), ('8591815', 'works')]"
2,test_user,14,assessment,2025-11-30 20:30:23,"[54947995, 6107393, 5187608, 5414584, 24783433, 4647310, 57090382, 17470424, 4861496]",937439528efd0f1117ae523d84a5063d,[]
1,test_user,15,insurance sector solar energy engineer,2025-09-13 09:54:44,"[31452293, 24911595, 8034400, 4230717, 24906761, 36998160, 18933202]",7811dab9b93e672cff0c3e44a3fa22f3,[]
2,test_user,15,insurance sector climate change adaptation,2025-09-13 09:55:17,"[6433071, 19216656, 8099028, 37995979, 5264302, 31316110, 4404381, 18933068, 36997348]",86a256eab6524b1d2c014259e918c428,"[('18933068', 'works')]"
1,test_user,16,AS-ack,2025-09-13 11:03:53,"[9319609, 9224406, 43120324, 51390140]",3240af833ba7cc289fb40b155c6b042d,[]
2,test_user,16,FC-ack,2025-09-13 11:05:09,"[3774345, 135764686, 62290710, 168225633, 69658206, 63537153, 74348287, 160469701]",62ab6554addb727e5c0c87c0841029f3,"[('168225633', 'works'), ('62290710', 'works')]"
1,test_user,17,Parenting,2025-09-13 11:21:04,"[539691, 257739, 68709999, 46258887, 9076219, 41647832, 4599710, 62635542, 77567845, 128497437]",40725472f94f42da2d767f317e445d32,"[('41647832', 'works'), ('539691', 'works')]"
2,test_user,17,influence of the parenting styles on academic performance on children aged 3 years to 6 years,2025-09-13 11:24:18,"[8362697, 66417055, 31304972, 46593621, 8868908, 128496664, 123369, 257772, 257293, 39641708]",4f3ac493dbd3dc3af14c25e3181e8309,[]
1,test_user,18,Punic,2025-09-13 11:30:37,"[7624240, 31261142, 7641354, 50731300, 77693597, 7086421, 51911358]",560b4e624e0a501c5f917d6e403f9b36,"[('51911358', 'works')]"
2,test_user,18,Angela Anne Coco Punic Wars,2025-09-13 11:35:01,"[63083899, 290704483, 166006945, 45242940, 45246885, 45240740, 45246994, 45211400, 69369942]",7a8e6f668e18cf0aebe6682fb4863a47,[]
1,test_user,19,Greedy can also beat pure dynamic programming.,2025-09-14 04:27:54,"[39971336, 640281, 45151288, 17196697]",e3096e8ef145a59aa36794ee05df1bc6,"[('39971336', 'works')]"
2,test_user,19,Policy Search by Dynamic Programming.,2025-09-14 04:29:28,"[17130097, 2102597, 2394047, 17129637, 42846997]",d27b4806912c89ff4d55118845fc2fec,[]
1,test_user,20,CAR-NK,2025-09-14 12:07:32,"[37880262, 85862458, 172653371, 85463367, 43736857, 291442526, 275702460, 148290121, 143483958, 162213816]",3b4b03b68a49e41a1ea59edfc3ee0673,[]
2,test_user,20,"CAR-T,",2025-09-14 12:11:57,"[83527981, 85864057, 45168655, 45151726, 40439436, 85861059, 43733462, 85462532]",12de82c6d899d2568b2c30c5fe8024d6,"[('85864057', 'works'), ('83527981', 'works')]"
1,test_user,21,Model Checking Framework-based Applications with AspectJ Assistance.,2025-09-02 23:50:54,"[4355243, 4855867, 9812296, 538473, 11255347, 4864822, 9803814, 46219192, 34249045, 46219519]",8c6d1365023fef1e9445ed31a8a4e204,"[('34249045', 'works')]"
2,test_user,21,A Model-Driven Framework for Managing the QoS of Collaborative P2P Service-Based Applications.,2025-09-02 23:52:35,"[452619, 37650789, 250224, 725260, 454406, 17226140, 450523, 4377365, 945428]",5e50768fb9c51826e660ff2f990aa4ec,[]
1,test_user,22,Postcolonial/Decolonial,2025-09-14 21:16:19,"[78772524, 40896395, 43724829, 8111008, 40559187, 163922655, 8383614, 18834009, 53893331]",f5351b343efbd974e8d67c6356c4919d,"[('163922655', 'works')]"
2,test_user,22,Postcolonial/Decolonial Jeremy Punt,2025-09-14 21:18:32,"[9909407, 170968895, 56472251, 128014136, 144220683, 127309772, 170166817, 127577105, 126169723]",b91d55b7aead6e50729df9521d9de39a,[]
1,test_user,23,regulatory intervention social commerce compliance costs adaptation capacity,2025-09-15 06:10:14,"[2508682, 40103184, 5103528, 2512086, 13894740, 2719707, 34141473, 2637692, 5105629, 41812033]",6a5e3950910e9a308a5aef42e7af0aec,[]
2,test_user,23,Costs,2025-09-15 06:13:17,"[4610607, 2675102, 2526798, 77571799, 6837032, 12743573, 2813297, 2771765, 231015]",efeac385a1099cf96268579efc947e75,"[('77571799', 'works')]"
1,test_user,24,baking soda as fire extinguisher agent,2025-09-03 04:07:22,"[54737054, 12542838, 51755395, 171663354, 69242687, 54739534, 11422642, 156775085, 9124502, 10987602]",7bc022a091da7473b2aa55e675e2a26a,[]
2,test_user,24,"""baking soda"" as fire extinguisher agent",2025-09-03 04:08:49,"[54737054, 12542838, 51755395, 171663354, 69242687, 54739534, 11422642, 156775085, 9124502, 10987602]",53bf07d4a0521af85d9029c760d3328b,"[('54739534', 'works')]"
1,test_user,25,How AI is a transforming classroom learning ,2025-09-03 04:34:00,"[8870343, 26258719, 5220626, 15110410, 4241357, 4290892, 45201256, 257606]",f1053a3acefe3c1c628d5b006a409afe,"[('15110410', 'works')]"
2,test_user,25,learning transformation due to AI,2025-09-03 04:34:05,"[85956103, 44617357, 54172130]",051b1c1b28acd55018b6734440e65a7c,[]
1,test_user,26,Benefits in PE For students with disabilities,2025-09-15 17:02:23,"[69796284, 37994981, 96650508, 66429856, 12368949, 36984243, 2035335, 12362100, 80482918]",7954a6684434f6ca76670bee8dd255b2,"[('69796284', 'works')]"
2,test_user,26,Benefits in PA For students with disabilities,2025-09-15 17:05:07,"[46754691, 34149797, 46754228, 71187552, 37994981, 46677381, 2351158, 69905450, 2035335, 8701286]",8ccceba3a6a27bff4fc039b206ef48ec,[]
1,test_user,27,BTR-90 infantry fighting vehicle,2025-09-16 16:12:41,"[5103760, 37248596, 6047308, 88924864, 71362747, 54740571, 292579336, 18920342, 138522255]",9a195fa0e64830dce10da7c4238097b3,[]
2,test_user,27,BTR-80A infantry fighting vehicle,2025-09-16 16:12:49,"[292579336, 37248596, 29057568, 18920342, 2120129, 122897280, 170170209, 18934646, 18895718, 48180231]",dbcbb07d5ece111647bc0d1e05534cdd,"[('18920342', 'works')]"
3,test_user,27,BTR combat vehicle manufacturer,2025-09-16 16:14:01,"[37248596, 163104464, 18887897, 18908609, 2112947, 18920342, 2845541, 32443332, 44585351, 13921469]",19e6457c5f3d3373d68991462b083dfa,[]
4,test_user,27,MT-LB armored vehicle combat vehicle,2025-09-16 16:17:21,"[39551473, 41295282, 21140823, 71362747, 37248596, 43620361, 59000063, 125172369, 71362712, 74343409]",e191dff10a4e2f7753956f8b095f2162,"[('59000063', 'works'), ('39551473', 'works')]"
1,test_user,28,methane vs carbon dioxide,2025-09-03 07:26:00,"[4606556, 17475314, 24859891, 58972883, 25513364, 78115969, 85975420, 2783966, 4866437, 53866376]",b969ba3497accefe01e0491de2eeb94d,[]
2,test_user,28,methane carbon dioxide,2025-09-03 07:26:45,"[4850869, 33134276, 2562860, 4469200, 4470650, 4470882, 43625926, 158334093, 37478165]",cfc0279955d4c2ad70bc00f60ca417e4,"[('2562860', 'works')]"
1,test_user,29,The Effect of Canteen Menu Variety on Consumer Satisfaction of Grade 12 Studs,2025-09-03 10:39:43,"[66682320, 66683019, 9447417, 52649861, 4209322, 75110990, 8523027, 172031533, 23178663, 140321052]",118c012088f467e2eda177f1268e4cc0,[]
2,test_user,29,The Effect of Canteen Menu Variety on Consumer Satisfaction of Grade 12 Students 2020,2025-09-03 10:41:10,"[164676960, 158045628, 131761302, 297471241, 45776789, 172028542, 146310567, 137368184, 163917924, 33660515]",f68d4f88d52881339a652bfc75fbcd74,"[('164676960', 'works')]"
1,test_user,30,Lemon shoe polish rrl,2025-09-18 10:35:34,"[7833718, 7723775, 45054174, 67508095, 127943751, 62034317]",d3dc97291d4d891933e6294cbdc8bbd2,[]
2,test_user,30,Rrl Lemon shoe polis,2025-09-18 10:35:59,"[125781029, 56994783, 67357692, 63271932, 78246429, 69389872, 160650597]",b6ed99e38f99cb0915c2199571ad664b,"[('125781029', 'author')]"
1,test_user,31," (injured athletes, psychological stratergies)",2025-09-03 12:57:32,"[9406825, 8364045]",f6f70e1d9e6ca0a751eb9739fdf8f67a,[]
2,test_user,31, injured athletes,2025-09-03 12:57:41,"[46360677, 46359087, 42537068, 14387429, 2324231, 40375304, 44153216, 41316486, 31640408, 45163951]",0b81ebf91d55819988246529c705f70e,"[('46360677', 'works')]"
1,test_user,32,Efficiency,2025-09-18 11:21:15,"[8257349, 18041863, 80494715, 27395890, 132321363, 83610874]",a2edb5ddd876b76ce555327732734e6d,"[('132321363', 'works')]"
2,test_user,32,"Business efficiency optimization, user experience enhancement, technological integration.",2025-09-18 11:22:12,"[2768876, 85939600, 27542414, 85973637, 346527, 30331231, 23068829, 346477, 78478665, 17416636, 8680990, 40075301]",d23edb4a02664ca79f494433e1d98d40,[]
1,test_user,33,INDIC cultural object image detection,2025-09-03 13:51:04,"[55033829, 26621483, 8375313, 52417882, 26688671, 24913569, 9616524, 89778571, 19559612]",40144c2b20ff49e6f1073ea66d7a9dc3,[]
2,test_user,33,indian cultural object image detection,2025-09-03 13:51:29,"[18061041, 238307, 17703989, 33913981, 36989599]",653907699ecf54b6e5783ad73c6d8ac8,"[('18061041', 'works'), ('18061041', 'works'), ('18061041', 'works')]"
3,test_user,33, object image detection,2025-09-03 13:53:29,"[59103652, 45954717]",c6904d69cf3a24bf2be8d72c1ba5c6df,"[('59103652', 'works')]"
1,test_user,34,block design,2025-09-18 12:48:12,"[15243974, 24903116, 17014608, 40841405, 171643936, 799556, 17212616, 901435, 17198265, 47141724, 4467934, 4610913, 24866525, 24864432, 2249117, 37979468, 2790791, 8644079, 54193504, 6092521, 18059184, 946026, 17040919, 567496, 217659, 44590424, 24862507, 2604333, 24903967]",c22ce3b3e937232b6a9b577c00bde95e,[]
2,test_user,34,Inorganic block copolymer lithography,2025-09-18 12:52:23,"[39835796, 71185808, 33972086, 46594868, 39835819, 39835711, 33972108]",35200c0c62bf16d0cb6fe0cc29979372,"[('39835796', 'works')]"
1,test_user,35,Automated Quantification of CT Patterns Associated with COVID-19 from                     Chest CT,2025-09-18 13:23:22,"[148305060, 143672201]",b4fd903b31e2fad77968de8dc85f47b3,"[('143672201', 'works')]"
2,test_user,35,COVID-19 and Antimicrobial Resistance: A Review,2025-09-18 13:24:25,[],6dec6df0622d683c70ced18e17525bf6,[]
1,test_user,36,Applying reflective middleware techniques to optimize a QoS-enabled CORBA component model implementation,2025-09-18 13:26:59,"[69676637, 69676445, 62653928, 69655738, 62655666, 62656996, 62654961]",06abf240a4cd5262f58f608a8649cb26,[]
2,test_user,36,An architecture for managing QoS-enabled VPNs over the Internet,2025-09-18 13:29:57,"[54444433, 2614591, 58966522, 51413639, 134938322, 158273311, 17812706]",2a9095a3441de31a69ca00ddf758bebe,"[('58966522', 'works')]"
1,test_user,37,B cell therapy and the use of RNA-based COVID-19 vaccines,2025-09-18 13:40:24,"[81748627, 85860003, 86027670, 46622643, 85862037, 85942163, 44153765]",c141989e3bb9916505888c7ba515ced3,"[('86027670', 'works')]"
2,test_user,37,Impact of COVID-19 on the Construction Sector: An Overview,2025-09-18 13:42:10,[],af77bb3d0b2a273b59cb2642a292743e,[]
1,test_user,38,Clinical Pharmacist Led-Educational Intervention to Promote Medications' Adherence for Sudanese Patients with Heart Failure: A Prospective Study,2025-09-18 13:43:42,[],5aa63e6271c4f2acad2d9f77c49bcbdc,[]
2,test_user,38,Dynamic chest radiography as a novel minimally invasive hemodynamic imaging method in patients with heart failure,2025-09-18 13:47:45,"[150195348, 299599273, 152565394, 124929706, 39926318, 408808, 292748840, 21911003]",5ec6ec684cda8f4e165d4d2d0795710e,"[('39926318', 'works'), ('152565394', 'works')]"
1,test_user,39,Is transactional programming actually easier?,2025-09-03 15:45:30,"[37236739, 33661134, 33661392, 1241787, 125912515, 37515933, 8527700, 147093418, 8306962, 18498475]",98404314be65d0422f70b7c950731841,"[('18498475', 'works')]"
2,test_user,39,Linear Programming.,2025-09-03 15:45:48,"[37686375, 1079997, 346014, 2949837, 346116]",b6586cf1416563743ca9245e488b75c2,[]
1,test_user,40,Carbon nanotube nanofluid in enhancing the efficiency of evacuated tube solar collector,2025-09-18 16:33:34,"[158020613, 146316767, 161943362, 77213103, 153334968, 45998298, 60727543, 32967373, 51947207, 18613228]",292d80263877a81496993c77b8054fd1,[]
2,test_user,40,Kinetics and thermodynamics adsorption of Oxazepam drug on the multi‐walled carbon nanotube,2025-09-18 16:37:23,"[120439287, 44578576, 138837711, 154760218, 42918937, 42919934, 42919343, 42919333, 42919329, 42919306]",065bb8e79198e73b76dc72cfb555d36d,"[('42918937', 'works')]"
3,test_user,40,Time-depended Quenching Behaviors of Multi-dye Systems by Single-Walled Carbon Nanotubes,2025-09-18 16:39:53,"[21944408, 75062481, 21940514, 21941538, 4036886, 42917396, 136545513, 11724832, 25072866, 75222134]",fac0d524d04e033b9c3efa190d3d197f,"[('11724832', 'works'), ('11724832', 'works'), ('21944408', 'works')]"
1,test_user,41,Effects of vibration on pool boiling heat transfer from a vertically aligned array of heated tubes,2025-09-18 16:41:58,"[123597736, 77241424, 64195543, 154077541, 8518128, 7962629, 63365177, 19170479, 24909920, 24356310]",288f3fff0c251d2f89597676d5a9030f,[]
2,test_user,41,Synthesis and water permeation studies of polysulfone based composite   membranes having vertically aligned CNTs,2025-09-18 16:45:33,"[18941402, 156460340, 97642732, 120362571, 74021400, 156806384, 69253786, 125190413, 74024017]",44d6c710cb01a67a6c5d3131c3e89fc3,"[('74024017', 'works')]"
1,test_user,42,A Nucleoside/Nucleobase-Rich Extract from Cordyceps Sinensis Inhibits the Epithelial–Mesenchymal Transition and Protects against Renal Fibrosis in Diabetic Nephropathy,2025-09-18 16:47:21,"[71810401, 75422965, 269775462, 140761970]",a2a2272e1d6b90bf5eef13865a83625f,"[('75422965', 'works')]"
2,test_user,42,Endothelin-1 promotes cell migration through epithelial-to-mesenchymal transition in human oral cancer,2025-09-18 16:47:55,"[51586726, 42463311, 31346467, 152209916, 41140414, 29323078, 14172522, 24701644, 10934177]",c7480d02a5874879d72120711249f2c9,[]
1,test_user,43,law and magic corcos,2025-09-01 01:35:04,"[33598342, 5238226, 4523546, 18696023, 8014816, 46675746, 5237559, 7798328, 82272662, 70735101]",fffce9cb17183ea9d025853640f56b71,"[('70735101', 'author')]"
2,test_user,43,law and magic,2025-09-01 01:36:55,"[5238226, 854363, 14378506, 548782, 8365390, 17226045, 4087537]",d9e5cf1a910c2f1f0302c31de13658f2,"[('8365390', 'works')]"
1,test_user,44,3D Bioreactors for Cell Culture: Fluid Dynamics Aspects,2025-09-18 23:39:33,[],633cb65b4a9912783e51b5541a8a4059,[]
2,test_user,44,High-Order Incompressible Computational Fluid Dynamics on Modern Hardware Architectures,2025-09-18 23:39:50,"[17148048, 52210544, 42872538, 45955535, 1128458, 18603734, 17138151, 34012829]",69b66b40a9421849ffaebb73e18d2169,"[('18603734', 'works'), ('34012829', 'works')]"
1,test_user,45,"Regarding ""Increased 18F-fluorodeoxyglucose uptake in abdominal aortic aneurysms in positron emission/computed tomography is associated with inflammation, aortic wall instability, and acute symptoms""",2025-09-19 01:46:12,"[3821455, 56663395, 8512331, 10080532, 8608519, 11737299, 8528798, 18007545]",ff84759de42e2e6d0d4f038eea932e87,"[('3821455', 'works')]"
2,test_user,45,Treatment of abdominal aortic aneurysms--the right choice in 1998,2025-09-19 01:48:56,"[40845152, 18007916, 517707, 21742106, 29813492, 85952547, 40435045, 24704654, 28416682]",032494cb88e8d3da70799e6b2c5f001d,[]
1,test_user,46,Contributions of village animal health workers to foot-and-mouth disease control in Cambodia,2025-09-19 02:08:08,"[45756074, 26574706, 2702313, 2748388, 45752930, 290469478, 45785412, 2748540, 40795886, 41169630]",661cd46c2d9c22e8971fce9ec09b2db8,[]
2,test_user,46,Scientific Opinion on the pandemic (H1N1) 2009 influenza and its potential implications for animal health,2025-09-19 02:12:02,"[5759985, 25065137, 30330604, 36685223, 42919325, 41812669, 128959664, 7319593, 45756467, 34363154]",a26f2db4fd8ffc01687d9e1521f2e00c,"[('128959664', 'works'), ('42919325', 'works')]"
1,test_user,47,Genome-Scale Thermodynamic Analysis of Escherichia coli Metabolism,2025-09-19 02:10:42,"[46231844, 607340, 85866260, 42845427, 696551, 4375010, 748615, 17149960]",65165b39b5c7866c62b871776b1cedbc,"[('748615', 'author')]"
2,test_user,47,Isolation and characterization of dnaJ null mutants of Escherichia coli.,2025-09-19 02:11:58,"[26148330, 5228839, 40219298, 5229570, 126025191, 22472790, 5243746, 47589444, 3909164]",90df1bd4cde17625febc422d1b90e462,[]
1,test_user,48,Evaluating the effectiveness of undergraduate clinical education programs,2025-09-19 04:05:25,"[84246776, 8136403, 78118301, 46211790, 9076291, 217556, 46758031, 36987211, 21237654]",89b032787f5e428e1f25656106adb894,[]
2,test_user,48,effectiveness,2025-09-19 04:09:00,"[279949, 7079172, 132314965, 27390131, 9455501, 8802097, 4863977, 85235555, 4372570, 44969321]",98e19fc480e2db85cee7bee2d991ca93,"[('4372570', 'author')]"
1,test_user,49,Safety and ethics in school laboratories with limited resources.,2025-09-04 07:02:30,"[5508554, 36005962, 4080196, 36651006, 36991795, 46753390, 19213126, 4203347, 36992419, 36988666]",a57f0b74aee0dd76cd7c638e355c3f02,[]
2,test_user,49,Safety in laboratories ,2025-09-04 07:05:14,"[85867616, 549967, 78769085, 24813829, 24888523, 25250658, 172024244, 5180310, 22344296, 24878994]",82bc5269d70285a1a8a6041077db1174,"[('85867616', 'works')]"
3,test_user,49,Laboratory Safety practices,2025-09-04 07:10:04,"[4467094, 45230351, 40435884, 24709102, 85867616, 37477842, 41655263, 42865874, 62547036, 128496682]",07610e27bd5ccffa6046d356db07138d,"[('4467094', 'works')]"
1,test_user,50,"""If I Were Nick"": Men's Responses to an Interactive Video Drama Series to Support Smoking Cessation",2025-09-19 07:45:13,"[101917936, 19946013, 295425448, 70397559, 136914602, 295428196, 12898714, 75072357, 69797821, 2053840]",010cd182905f5473ca2741cb752be19b,[]
2,test_user,50,Electronic cigarettes for smoking cessation,2025-09-19 07:48:30,"[40887429, 8205211, 40141270, 8856956, 85858449, 41812549, 8707999]",6799ca19c204484b4ba712b081482d05,"[('8707999', 'author'), ('8707999', 'author'), ('8205211', 'author')]"
1,test_user,51,Genome editing of immune cells using CRISPR/Cas9,2025-09-19 08:21:41,"[9069121, 47137475, 85868397, 46051168, 40436476, 85859411, 85865834, 81749383, 85867120, 85868545]",71cc446ae22f5b96aecddb59b9ea2042,[]
2,test_user,51,CRISPR/Cas9-Mediated Genome Editing in Epstein-Barr Virus-Transformed Lymphoblastoid B-Cell Lines,2025-09-19 08:22:56,"[26050738, 8038044, 9015259, 115349861, 37160238, 60745779, 30597354, 15081176, 85834154, 128894313]",82a005d01ec746a9e8f5735572ffe896,"[('60745779', 'works')]"
1,test_user,52,Bridging the gap: from instruction to co-construction in higher education,2025-09-19 08:29:18,[],51fbcbee8b7f9019dd85baa0fe42df5b,[]
2,test_user,52,People who study higher education,2025-09-19 08:32:10,"[31342446, 19211463, 19214388, 2951416, 62638311, 28617086, 2487721, 8059415, 36988833]",e3ba72f26d62b6133f1fba8a207e7cc0,"[('8059415', 'author')]"
1,test_user,53,heat treatment flour,2025-09-19 12:00:32,"[136404981, 24692489, 1180587, 50499918, 5003455, 36992319, 46508720]",cc6d713794e22045027f2168941e7794,"[('24692489', 'works')]"
2,test_user,53,heat treatment flour year=2013,2025-09-19 12:03:45,"[62997312, 123853340, 30683914, 19108886, 78924375, 46819946, 44238112, 17701969, 62530750, 19111072]",cef99d22a477a93f1ff5b9eae08d1d82,[]
1,test_user,54,Sleep-Disordered Breathing In Heart Failure,2025-09-19 12:04:31,"[8529746, 15274884, 42536962, 34382163, 42008836, 127383714, 42537148, 41656266, 85974630, 85866918]",5aad0540fe84ad97feb9bd125c2711e7,"[('41656266', 'works')]"
2,test_user,54,Chronic congestive heart failure following diagnostic heart puncture or heart surgery. A complication due to accumulating haemopericardium,2025-09-19 12:07:16,"[85598653, 45216527, 120403039, 147654467, 102740470, 36396712, 50536262, 50534466]",8c4598838d1cbb4a3f6167115bed159b,[]
1,test_user,55,Eco-efficiency,2025-09-19 12:05:25,"[2596878, 2493582, 2734467, 18610780, 2783584, 2791672, 26245399, 4231391, 4231053, 2860289]",b352786fff39edc1aa7fbd418b9207b8,"[('2860289', 'works')]"
2,test_user,55,Relationships between Energy Efficiency on Output and Energy Efficiency on Carbon Emission,2025-09-19 12:08:06,"[8701170, 80507053, 128497620, 2458188, 5105367, 7360806, 5104534, 2566253, 2618696, 5264549]",693e2d29edb3642227b9d6ea824b3dcd,[]
1,test_user,56,"Evaluation of TB-LAMP assay for the diagnosis of pulmonary tuberculosis in Lusaka, Zambia",2025-09-19 12:21:28,"[120178646, 7901510, 3976247, 100810398, 158070668, 97629064, 150368128, 77228449, 59534548, 132114885]",fe462cb7427bf2f55dff975ac0edc26f,[]
2,test_user,56,Pulmonary tuberculosis occurred in patient with Tracheobronchopathia Osteochondroplastica,2025-09-19 12:24:33,"[3591921, 154079077, 144648803, 14176620, 14174229, 102740470, 154032680, 121255068]",305d29100d32ea22f06ffd08cd377289,"[('154079077', 'works')]"
1,test_user,57,The effect of film thickness on the magnetic and magneto-transport properties of Sr2FeMoO6thin films,2025-09-19 12:17:50,[],2f07ad68107387d57a335dfa205a9e9f,[]
2,test_user,57,Electron Transport Properties of Atomic Carbon Nanowires between Graphene Electrodes,2025-09-19 12:21:58,"[561097, 22113799, 17133905, 85858141, 8754321]",857eeb6f062859786f0a1050ab411105,"[('561097', 'author'), ('22113799', 'works')]"
1,test_user,58,ELJ volume 14 issue 1 Cover and Back matter,2025-09-19 12:32:06,"[46676985, 6430800, 2647806, 80474285, 7114023, 957433, 12264109, 31267053, 62531964]",62f01ee8367046cecd07e8134799305d,"[('957433', 'author')]"
2,test_user,58,BSO volume 11 issue 2 Cover and Front matter,2025-09-19 12:34:02,"[31629921, 31634312, 727845, 31633906, 237791, 8343759, 31635028]",9ffe3bf21ac541f58d411b99119d2396,[]
1,test_user,59,Magneto-optic surface plasmon resonance properties of core-shell Fe3O4@Ag nanoparticles,2025-09-19 12:43:24,"[42634361, 128010362, 128038351, 151717104, 147762740, 56524759, 143789220, 7833236, 128541369]",419d5a6515b8a311cf3bd9727fcf5b4d,[]
2,test_user,59,Two-dimensional optics with surface plasmon polaritons,2025-09-19 12:47:39,"[37668147, 54173980, 18083765, 2254465, 42867985]",fb42e2b2809e3516cadc71eb1310b8e6,"[('18083765', 'works')]"
1,test_user,60,Influence of AI on the learning outcomes of students ,2025-09-19 13:48:35,"[159483282, 161885355, 157126234, 2349152, 62545759, 23053078, 162620010, 213342]",1f5e32ae2f3c758623449150f78ce90c,"[('157126234', 'works'), ('157126234', 'works'), ('157126234', 'works'), ('157126234', 'author')]"
2,test_user,60,RRL about Academic Outcomes of Students Learning in Covered Court Settings Due to Classroom Shortages,2025-09-19 13:50:01,"[13919202, 5239809, 2444118, 125146558, 7723775, 45249469, 23803858, 129280499, 160650624]",5b2b89433e90f111a1739fb7af01eeaf,[]
1,test_user,61,Change in cognitive functioning associated with ApoE genotype in a community sample of older adults.,2025-09-19 13:52:54,"[12268631, 41654103, 42462812, 8413533, 345449, 41649873, 85869745, 41652831, 8413939]",c3dcf1b632976d6ce509f2387d5435ea,[]
2,test_user,61,Conceptual Analysis of Self-reliance in Older Adults in South Korea,2025-09-19 13:55:25,"[13894583, 158303194, 43413326, 2861199, 8862244, 45725853, 12268145, 7985617, 2632954, 2639721]",66caf2937e3c0bcc3a8b20dd16aa816f,"[('43413326', 'works')]"
1,test_user,62,"Mechanisms of Inflammation. I. Laser-Induced Thrombosis, a Morphologic Analysis.",2025-09-19 13:52:58,"[6091287, 50140079, 40432755, 44149718, 29345680, 164041959, 171503254, 9036330]",2d79521a0244dbbd9831903c6068fae9,"[('50140079', 'works')]"
2,test_user,62,Rapid characterization of plastics using laser-induced plasma spectroscopy (LIPS),2025-09-19 13:53:49,"[121295578, 15033010, 79381466, 86610112, 134727690, 151551199, 74112445, 15112575]",3e3f2ed69f774e37ec818c84a2b44263,[]
1,test_user,63,Environmental Effects on the Central Nervous System,2025-09-19 14:19:59,"[24880327, 128902085, 85881312, 15254142, 77693480, 62635897, 43152769, 6736924]",5f7256e84d611544d3c1c7dd2fc2676b,"[('6736924', 'works')]"
2,test_user,63,The effect of narcotic analgesics on the central nervous system as an index of their drug addiction potential,2025-09-19 14:24:39,"[7746937, 40228875, 125336401, 127442822, 127442802, 10953661, 10961557, 39633842, 33336878, 22436154]",ae07590572cebd60e5ed5adf8a29d55d,[]
1,test_user,64,Systolic and diastolic function in children with chronic renal failure,2025-09-19 14:21:21,"[4761145, 44870510, 77632279, 40439273, 45604107, 45165939, 85776152, 54943937, 85861575, 85864870]",a20ea9adcf2341960e287717df6a651e,"[('54943937', 'works'), ('4761145', 'works')]"
2,test_user,64,Epidemiology of chronic renal failure in children: a report from Sweden 1986 - 1994,2025-09-19 14:22:15,[],2f5c4afe4c947ef2398a3fe4a965f487,[]
1,test_user,65,Using machine-learning to optimize phase contrast in a low-cost cellphone microscope,2025-09-19 14:56:08,"[47133974, 51967403, 62637472, 50754652, 133352719, 65209177, 89581569, 83528869]",be955b30cc9a8d5671d65de20c1f4052,[]
2,test_user,65,"Validation of a High-Resolution, Phase Contrast Cardiovascular Magnetic Resonance Sequence for Evaluation of Flow in Coronary Artery Bypass Grafts",2025-09-19 14:56:12,"[108268575, 40945016, 40963684, 40680029, 40858454, 40327681, 3958464, 149554576, 171507873, 120401284]",f3c2a84b71bf9c8509a64909924f676d,"[('149554576', 'works')]"
1,test_user,66,Occult hepatitis B virus infection predicts non‐alcoholic steatohepatitis in severely obese individuals from Italy,2025-09-19 14:52:36,"[42964677, 148335244, 154077975, 61640283, 145915471, 143637927, 166064196, 25092614]",e52ad27ae4b8f60e868477fa30999b4b,"[('145915471', 'works')]"
2,test_user,66,Prevalence and Incidence of Hepatitis C Virus Infection Among Young Adult Injection Drug Users,2025-09-19 14:55:00,"[36986760, 238580, 8753823, 4199083, 15065896, 8206050, 17841497, 14299758, 8485403]",6a99c243500c1e3c86e8ea2282654c1e,[]
1,test_user,67,Brain–Gut Axis and Gut Microbiota: Possible Role of Gut Microbiota in Childhood Mental Health and Diseases,2025-09-19 14:58:32,[],38616f5eba6da52372f9697ff50a65ca,[]
2,test_user,67,Probiotics normalize the gut-brain-microbiota axis in immunodeficient mice,2025-09-19 15:00:51,"[61156982, 42180340, 96629790, 172042644, 44733648, 157010235, 137730318, 45293670, 168497091, 53980786]",25aaff5d5ba9f0c836c6d446b92bd73e,"[('137730318', 'works')]"
1,test_user,68,Induction of DNA polymerase in mouse L cells,2025-09-19 15:10:00,"[5228550, 313235, 4640159, 2252875, 67801836, 127911, 5182812, 18775516, 8985260]",f7cd4996ebdc0f42b92f82e357f45fed,"[('2252875', 'works'), ('4640159', 'works')]"
2,test_user,68,Specific amplification of Aspergillus fumigatus DNA by polymerase chain reaction,2025-09-19 15:10:27,"[8787923, 8854092, 5188310, 85864337, 17492716, 8008072, 17479240, 9797970, 12052772]",cdee5df4999e02b332c2c79ae7710631,[]
1,test_user,69,"Implementing a Rural Natural Experiment: A Protocol for Evaluating the Impacts of Food Coops on Food Consumption, Resident's Health and Community Vitality",2025-09-19 15:41:20,[],22ac2c4fb5268fefb015a8ea754344b4,[]
2,test_user,69,food waste,2025-09-19 15:41:39,"[5180018, 37000616, 8016885, 37995931, 4974112, 43733532, 31637564, 19216532, 51424050, 37995978]",4dae16e494aaecffe7dec7a4c0d51335,"[('8016885', 'works'), ('8016885', 'works'), ('8016885', 'works'), ('8016885', 'works')]"
1,test_user,70,The Natural History of Hepatitis C Virus (HCV) Infection,2025-09-19 16:14:41,"[7139196, 14173730, 50060905, 21953453, 85865223, 5243481, 18071247, 28618670, 37883410]",4a0547408c4c8025d21a8a99be0f1e96,[]
2,test_user,70,ICC/PCR detection of enteroviruses and hepatitis A virus in environmental samples,2025-09-19 16:17:01,"[85862467, 8059271, 40825423, 62540976, 84370896, 41637686, 18545148, 8702197, 62543184, 4012085]",8dee83ada30aaa5bf441645a4494409f,"[('4012085', 'works')]"
1,test_user,71,Comparative Analysis of Statistical and Neural Network Classification Methods on the Example of Synthetized Data in the Stimulus-Independent Brain-Computer Interface Paradigm,2025-09-19 16:37:22,"[8385363, 135434778, 48852571, 47906981, 46894900, 45293591, 145365315, 170230010, 36366897, 45695581]",ff0cb857f2005409ec5852a6dd5a063e,"[('46894900', 'works')]"
2,test_user,71,Within-Network Classification Using Local Structure Similarity,2025-09-19 16:39:58,"[44591625, 54251719, 42856541, 51505570]",4521a598b5a15a4cd75ef40a43849957,[]
1,test_user,72,Evaluating open-source cloud computing solutions for geosciences,2025-09-19 16:54:31,"[37724824, 18076343, 45149245, 2718853, 269202, 37625141, 24958449]",724585674f016c9bf331044ca9fd9dfc,[]
2,test_user,72,Computation offloading in cloud-RAN based mobile cloud computing system,2025-09-19 16:55:51,"[52214716, 24738697]",d137ba21d8cff20781f01259fc74e7a7,"[('24738697', 'works')]"
1,test_user,73,Obstructive sleep apnea,2025-09-19 17:06:17,"[42537148, 28438964, 26615833, 15073584, 42536574, 51414815, 29332198, 17202353, 41656266]",cd8695f13d40d71d4d5d3d6e1760a2e2,"[('42537148', 'works'), ('42536574', 'works')]"
2,test_user,73,Update on obstructive sleep apnea for neuro-ophthalmology,2025-09-19 17:10:36,"[8755809, 78226980, 295559611, 156963401, 85865306, 46503378, 155037054, 85865113, 126836524, 150437925]",514260c7ac92ad85ed33ec84dd108539,[]
1,test_user,74,Machine learning-guided multi-site combinatorial mutagenesis enhances the thermostability of pectin lyase.,2025-09-04 19:12:03,"[120396299, 112032464, 86397226, 170165431, 170162295, 75466747, 150879738, 74219013, 148347785, 74218882]",40dad2e708a7cabfdfcb179fe616d3aa,[]
2,test_user,74,Machine Learning-Guided Protein Engineering,2025-09-04 19:15:13,"[54174901, 683425]",9a1c2901bb74c7fa7e735a94446c4ee2,"[('54174901', 'works')]"
1,test_user,75,Impact of Mobile Phone Use on Academic Performance Among Senior High School Students,2025-09-05 00:46:08,"[8741142, 17704474, 2035250, 2035412, 46232010, 214153, 2035410, 31422619]",d89bbe224514daebc5ba38a37103c84c,[]
2,test_user,75,Proper Strand Selection and the Academic Performance of the ABM Senior High School Students,2025-09-05 00:47:22,"[133006840, 292487531, 99167818, 160926274, 129244022, 297975106, 143810022, 74368559, 10114351, 172296135]",d0b56d851fc1ec3dcb3bbd27650770d8,"[('292487531', 'works'), ('292487531', 'works'), ('292487531', 'works')]"
1,test_user,76,Additive Manufacturing Knowledge Incursion On Orthopaedic Devices,2025-09-20 05:06:30,"[155374098, 137230076, 8051104, 45249306, 172027395, 123679146, 25069259, 25076132, 67289698]",f16c213fafddc73bee49033980fce1dd,"[('25076132', 'works'), ('25076132', 'works')]"
2,test_user,76,Introduction to Additive Manufacturing,2025-09-20 05:10:00,"[77613633, 81906573, 54556027, 68994649, 41660855, 62529765, 44150458, 9604437]",b901e397bfa6bee14c095be3cb6d45f8,[]
1,test_user,77,Medical image super-resolution by using multi-dictionary and random forest,2025-09-20 05:55:50,"[49548678, 37615795]",a81911550f8a0dfd2fe68cbde751f753,[]
2,test_user,77,Towards Evolutionary Super-Resolution,2025-09-20 06:00:38,"[622056, 817916, 631990, 17130084, 2398981, 51504114, 830888]",61921c01b015434b1388915d4571a818,"[('17130084', 'works')]"
1,test_user,78,Stability of Flow Between Arbitrarily Spaced Concentric Cylindrical Surfaces Including the Effect of a Radial Temperature Gradient,2025-09-20 05:57:43,"[139754118, 43626615, 24716610, 45957779, 927525, 17226271, 37677844, 43621800]",435d121752bc66f23cb35d5b549a8f08,"[('37677844', 'works')]"
2,test_user,78,Resting‐State Brain Temperature: Dynamic Fluctuations in Brain Temperature and the Brain–Body Temperature Gradient,2025-09-20 06:00:46,[],64a47e5a11b104b4067e2aeaa02764f9,[]
1,test_user,79,Thermal excitation polarized field drives photo‐electric catalysis to achieve efficient degradation in BaTiO3/CdS heterojunction through integration of solar and thermal energy,2025-09-20 06:00:12,"[145056400, 150817247, 166752159, 120400042, 297064695, 138842526, 8335039, 136678545, 25438826, 18602345]",7f3587b9b345c7cc8fa8204ba952f679,[]
2,test_user,79,"Preparation, thermal properties and thermal reliabilities of microencapsulated n-octadecane with acrylic-based polymer shells for thermal energy storage",2025-09-20 06:02:15,"[68631491, 45267263, 74329940, 149267393, 14076866, 22989625, 39148890, 44911281, 46367112, 298369622]",e1ab2fa61745ec6c095c29ade14448be,"[('22989625', 'works')]"
1,test_user,80,"The Neuroendocrine Leydig Cells and their Stem Cell Progenitors, the Pericytes",2025-09-20 06:01:38,"[3458732, 108408110, 36626062, 36621675, 108561121, 8993243, 128780508, 10758515, 108408204, 126176648]",bb8e1b02366162f90ee14aa45e6e265f,"[('8993243', 'author'), ('3458732', 'works'), ('8993243', 'author')]"
2,test_user,80,A Systematic Review of the Evidence of Hematopoietic Stem Cell Differentiation to Fibroblasts,2025-09-20 06:02:21,"[46046396, 85462621, 44149807, 62632230, 8434495, 8372824, 85863693, 9809361, 77566228, 31306656]",ca47112c7ea845b06cb4087bcc8be243,[]
1,test_user,81,The HydroGNSS GNSS Reflectometry Remote Sensing Mission,2025-09-20 06:52:11,"[71876222, 130929340, 133474625, 166049629, 19056189, 150368634, 166017396, 18650214, 296422419, 153977182]",adc4a48578b92f31b27591cd2cdebece,[]
2,test_user,81,Water vapor mapping by fusing InSAR and GNSS remote sensing data and atmospheric simulations,2025-09-20 06:53:00,"[57610928, 148793469, 57665727, 169955739, 57609331, 56827553, 57619108, 15026360, 113696098, 57567761]",674aba7bd8d832d20e539c72c7953ae3,"[('57567761', 'works')]"
1,test_user,82,Intelligent Digital Transformation in the insurance industry and insurance company,2025-09-20 07:12:27,"[9615007, 8868361, 2701532, 37005254, 2593805, 54230532, 9616743, 18930620, 45192547, 58963765]",b471f3e6c82494e7d87a2a275c751de6,"[('9616743', 'works')]"
2,test_user,82,"""In five years, you will see enactment of national health insurance""",2025-09-20 07:12:40,[],7d65e7b014325eb870d44f0e36886695,[]
1,test_user,83,Parvo virus,2025-09-05 03:08:09,"[29548414, 7430820, 19177484, 67801172, 37881801, 4611775, 8316462, 37630944, 123590272, 21703967]",07ee9cbcb73a2c93453c2ea4284521bf,[]
2,test_user,83,Parvo virus B19,2025-09-05 03:08:30,"[67801172, 127208694, 29548414, 21703967, 14327500, 15075967, 37881801, 85865067, 33101545, 4195924]",84b1bb620cdf275556e51bafe0de65d8,[]
1,test_user,84,"Pill Burden in Patients With Type 2 Diabetes in Germany: Subanalysis From the Prospective, Noninterventional PROVIL Study",2025-09-20 08:33:10,[],0bade10e386e863e5003b451fa0be08b,[]
2,test_user,84,Nephropathy in Patients with Type 2 Diabetes,2025-09-20 08:37:08,"[15075738, 125923663, 24718665, 46395000, 37270645, 10170871, 19586561, 34225643, 48105747]",b3f52b7d46524435e2788ac6c4b2ea7b,"[('48105747', 'works')]"
1,test_user,85,Photonic Crystal for Gas Sensing Application,2025-09-20 08:49:46,"[47143318, 675328, 8222201, 18495195, 40843270, 52213828, 556161]",f9d94eb5c8431d31935a85285f39aa49,"[('675328', 'author')]"
2,test_user,85,An Analysis and Design of Photonic Crystal-Based Biochip for Detection of Glycosuria,2025-09-20 08:54:01,"[161922242, 135658142, 31130542, 89194655]",9a5a0102a3b963f020aa775d6f01150e,[]
1,test_user,86,Evaluation of alginate compressed matrices as prolonged drug delivery systems,2025-09-20 11:52:22,"[8257658, 6196235, 8099579, 37951871, 43784842, 40982957, 24708730, 29264612, 8785479, 9070104]",ad346922e990423f4b10ab07e6a43008,"[('43784842', 'works')]"
2,test_user,86,Large Porous Particles for Pulmonary Drug Delivery,2025-09-20 11:53:45,"[8136431, 134937393, 33765366, 8249815, 9031238, 9069104, 7053158, 40845507, 52217998, 17021686]",ff22011e5ca6b1fbd73b9b61643fac0f,[]
1,test_user,87,Expanding Pediatric Emergency Physician's Scope of Practice in Response to the COVID-19 Pandemic,2025-09-20 12:35:36,"[143471415, 129518497, 148244919, 126942024, 126942296, 160684893, 139606104, 109870375, 145744609, 149523287]",335c93939dbd00d03539a84e367b6e51,"[('126942296', 'works'), ('109870375', 'works'), ('109870375', 'works')]"
2,test_user,87,Why Go NANO on COVID-19 Pandemic?,2025-09-20 12:39:18,"[157288259, 121236989, 46018265, 43646691, 167921637, 122487646, 38089274, 155687108, 86835439]",1ac2f402e67036ca860b503f0539fdca,[]
1,test_user,88,Effectiveness of adjuvant supportive-expressive group therapy for breast cancer,2025-09-20 15:40:46,"[4206934, 8029404, 39643355, 43720969, 36175107, 6906496, 49541498, 22438626, 52616976, 171507802]",0ae79437bb0af3ac0f98fec16ffca0eb,"[('6906496', 'works')]"
2,test_user,88,Smoking among breast cancer survivors,2025-09-20 15:40:53,"[40435037, 85859046, 4586579, 44742941, 36670389, 85462848, 78116886, 6811259, 3004251]",975b9210139125e0ae18de6046ef06f4,[]
1,test_user,89,Single-marker identification of head and neck squamous cell carcinoma cancer stem cells with aldehyde dehydrogenase,2025-09-20 16:07:58,"[6358286, 85866097, 37676867, 43687735, 37674462, 1261142, 21954658, 30338842, 85859660, 1255913]",5be089bd66e8248d54382e319362659b,"[('1255913', 'author'), ('1261142', 'author'), ('43687735', 'works')]"
2,test_user,89,Comparative Therapeutic Exploitability of Acute Adaptation Mechanisms to Photon and Proton Irradiation in 3D Head and Neck Squamous Cell Carcinoma Cell Cultures,2025-09-20 16:12:47,"[122702817, 295892121, 240459453, 139073503, 131197014, 235232293, 139402255]",a843971b3f7b3c9bd8b6eec220ad6490,[]
1,test_user,90,"Synthesis, characterization and determination of the metal ions adsorption capacity of cellulose modified with p-aminobenzoic groups",2025-09-20 16:15:12,"[39947401, 142562281, 15107277, 107199978, 162162288, 292567302, 56649712, 138837711, 12272718, 40993618]",f1e9bc6d71a5aca3642e6c7da2c81cb7,"[('12272718', 'author')]"
2,test_user,90,Increased Adsorption of Heavy Metal Ions in Multi-Walled Carbon Nanotubes with Improved Dispersion Stability,2025-09-20 16:19:38,"[18521250, 8590526, 7133627, 8321637, 42616300, 42917396, 136545513, 140385649, 15026355, 28438825]",11a7e16d554e14a92aeb5667fd92bb56,[]
1,test_user,91,IFN-  Production by CD8+ T Cells Depends on NFAT1 Transcription Factor and Regulates Th Differentiation,2025-09-20 16:16:48,"[9826858, 51525925, 173140924, 139624573, 57941030, 39686542, 171503517, 59522386, 45318667, 62681238]",f808b4366be66004969c06e2412d60f1,"[('39686542', 'works')]"
2,test_user,91,Aryl Hydrocarbon Receptor Activation during Influenza Virus Infection Unveils a Novel Pathway of IFN-  Production by Phagocytic Cells,2025-09-20 16:19:27,"[127740072, 3998863, 10976457, 69412128, 34008835, 75169296, 153911376, 74349088, 46386820]",de197dc2dbfe758d09f290b1985f2bf5,"[('69412128', 'works')]"
1,test_user,92,Recent developments in testable leptogenesis,2025-09-20 19:27:43,"[1015587, 993958, 2409993, 85728902, 17019131, 24821389, 17182348]",40c3988607cc9ba27e5b59a7ee70295a,[]
2,test_user,92,Recent developments at the ISOL facility of GSI Darmstadt,2025-09-20 19:32:39,"[7309726, 36787472, 28869163, 661882, 25312091, 149427804, 18084156, 26645000, 28870787]",957baf1ce4f87629c0a0d890de9a2def,"[('7309726', 'works')]"
1,test_user,93,tuberculosis 19th century,2025-09-20 20:17:09,"[2522967, 349551, 10148506, 158258087, 24709445, 15109177, 138009919, 138009920]",aac694e5614b8fbc7c975a94ee36ad2c,"[('2522967', 'works')]"
2,test_user,93,spinal tuberculosis,2025-09-20 20:18:41,"[42536699, 134922402, 45152831, 4763716, 39771050, 45165747, 42536291, 85858595, 4350596, 44150181, 40406300, 26703694, 48123907, 539519, 8846365, 43152800, 7185307, 42536413, 51911341, 238262, 149188015, 40435862, 4521446, 7100256, 85864797, 44995377, 5674052, 41646420, 4282235, 28619793, 6811643, 26705367, 17387716, 46358229, 5228461, 4405170, 7233817, 5234726, 37978693, 40223626, 27146545, 78115474, 29546932, 4764581, 40967730, 64617798, 44759270, 21984883, 45246326]",4b2c507ea9cf0f6d6677601c516393b4,[]
1,test_user,94,An optimizing BP neural network algorithm based on genetic algorithm,2025-09-20 22:19:02,"[8753694, 78115079, 4853423, 45726478, 8754087, 8644013]",abbd55a4239ae85988c66311068e691a,[]
2,test_user,94,A genetic algorithm framework for test generation,2025-09-20 22:20:35,"[17164786, 408990, 407928, 4272547, 17052173, 788898, 8220330]",526f16b07a96602b37ccdf5027e0baa9,"[('4272547', 'works')]"
1,test_user,95,Prediction of in-hospital bleeding in acutely ill medical patients: External validation of the IMPROVE bleeding risk score.,2025-09-21 00:42:41,[],e1961728db5b87ce0bfbd25a9a9c07b8,[]
2,test_user,95,Bivalirudin versus unfractionated heparin during percutaneous coronary intervention in high-bleeding-risk patients with acute coronary syndrome in contemporary practice,2025-09-21 00:44:09,"[7296026, 30850097, 8790163, 8786559, 14321448, 4017388, 25109557, 8698514]",a05efe00c9371c6fe5b4497d479c4150,"[('14321448', 'works')]"
1,test_user,96,Asymptomatic Duodenal Metastasis From Small Cell Lung Cancer Diagnosed by Endoscopic Ultrasound-Guided Fine-Needle Aspiration,2025-09-21 00:50:54,"[29556007, 299503044, 299370980, 159064204, 10964530, 85865251, 159832947, 44140305, 7143388, 10963739]",b9c65c89f1a79c0f4b885bfbda8c4b1a,"[('299370980', 'works')]"
2,test_user,96,Identification of A Novel FRK-ROS1 Fusion Variant in Advanced Non-Small Cell Lung Cancer with Brain Metastases and Remarkable Response to Crizotinib,2025-09-21 00:53:46,"[291358455, 50077043, 235951729]",f52a05aa0537e3ed549d72bed6392ce3,[]
1,test_user,97,SO2absorption cross section measurement in the UV using a Fourier transform spectrometer,2025-09-21 01:07:18,"[54304915, 156795617, 78743563, 17559738, 17559010, 134792588, 17564324, 131184728]",26b93885d2719aa6691828f8cc8111b8,"[('54304915', 'author'), ('54304915', 'author'), ('156795617', 'works'), ('17559738', 'works')]"
2,test_user,97,Robust color texture features based on ranklets and discrete Fourier transform,2025-09-21 01:12:15,"[154448974, 23139616, 134363671, 224892899]",6458b23d47e1457601395a4db8524b9a,[]
1,test_user,98,Hydrogen retention properties of low Z and high Z plasma facing materials,2025-09-21 01:12:51,"[26022748, 47137383, 42937362, 40013314, 38766026, 76726095, 37157614, 6200620, 18868302]",63742e7ca2daa2b7ffd0ea9f9d1131e1,[]
2,test_user,98,Surface Layer Properties of Low-Alloy High-Speed Steel after Grinding,2025-09-21 01:17:24,"[39955524, 24869489, 45206493, 124931118, 24898858, 17421818, 8290982, 8752065, 12778212, 39631743]",d6ebcac1755589fe7cf70e92296a9c22,"[('39955524', 'works')]"
1,test_user,99,Secure Tropos framework for software product lines requirements engineering.,2025-09-05 12:53:10,"[54816522, 2266252, 19459967, 1154538, 33969751, 158277034, 4855867, 18579635]",0bebe510eb89d320a68dbd1fd73c577a,"[('2266252', 'works')]"
2,test_user,99,Towards security requirements management for software product lines: a security domain requirements engineering process.,2025-09-05 12:57:24,[],62ef0e77b779adef5ff948c8b53163be,[]
1,test_user,100,RRDD: Receiver-oriented robust data delivery in mobile sensor networks,2025-09-21 06:10:30,[],40782e466593ddfb03148b801519379b,[]
2,test_user,100,Energy Scavenging for Wireless Sensor Networks,2025-09-21 06:15:25,"[48124523, 5488861, 4075674, 17700454, 50698181, 134849859, 17704183, 7329285]",bd97f527e44b069d3978443ccb566747,"[('48124523', 'works'), ('50698181', 'works')]"
1,test_user,101,The Changing Use of Intravenous Opioids in an Emergency Department,2025-09-21 12:13:07,"[78227375, 8620499, 44995232, 85860328, 18008659, 8792025, 8787497, 33336878, 44142835, 30339892]",b6c7e214de0565e892eb74b2c362e954,[]
2,test_user,101,Why is pain management so difficult in the Emergency Department? A systematic mixed studies review and thematic synthesis of staff perceptions of enablers and barriers to pain management within the Emergency Department,2025-09-21 12:13:46,"[143582059, 8010084, 41326293, 41325960, 21239021, 8445982, 41326039, 41325260, 41325105, 41324964]",9cb2042ad29fe515ce1c2f9c8a0a51cf,"[('143582059', 'works')]"
1,test_user,102,Nuclear Structure,2025-09-21 12:44:31,"[1118494, 1113079, 991968, 6088169, 6088219, 1115572]",d2b592ce7cda2179c2d4d6da330f733f,[]
2,test_user,102,Effective Field Theory in Nuclear Physics,2025-09-21 12:47:51,"[1109033, 1109797, 24783200, 17145336, 1109611, 1113476]",06e0b367b558606fa9de9fc2e38a9579,"[('1113476', 'works'), ('1113476', 'works')]"
1,test_user,103,"Onset of Coronary Heart Disease is Associated with HCMV Infection and Increased CD14 +CD16 + Monocytes in a Population of Weifang, China",2025-09-21 12:45:48,"[162723269, 142884741, 123721294]",36a45929bdd0179df0cd5a1773f643af,[]
2,test_user,103,The Year in Valvular Heart Disease,2025-09-21 12:46:05,"[6104636, 18497947, 4975437, 1176561, 6808170, 46048706, 30341787, 2831717, 7293811]",baf94bb2642204ee15cab9ed06d6075d,"[('18497947', 'works')]"
1,test_user,104,Data analysis anti-patterns in empirical software engineering.,2025-09-01 19:56:50,"[156934756, 85974422, 42873738, 238638, 42966731]",3e3430087650cfa174e84f686ea542e1,[]
2,test_user,104,Property-Based Software Engineering Measurement.,2025-09-01 19:58:26,"[31400384, 66416620, 7985255]",6d66bc406930d04482c8e24ff8d6278b,"[('31400384', 'works')]"
1,test_user,105,Epidemiology in Epilepsy,2025-09-21 14:21:28,"[50063342, 6837945, 51491913, 78225562, 18101784, 8983186, 4763119, 40438173, 36000035]",6399123471fc6e68cb22264b2b2f34a8,"[('50063342', 'works')]"
2,test_user,105,Editorial: Occupational epidemiology,2025-09-21 14:24:57,[],df326883e28d4b997d0e45065dd00814,[]
1,test_user,106,Linking obesity to colorectal cancer,2025-09-21 14:33:11,"[50087296, 18501125, 54460485, 8375696, 6815892, 42936709, 42537761, 7131472, 36987292]",c50636c4294024a7a7779ae71e2559be,"[('6815892', 'works')]"
2,test_user,106,Mini-invasive surgery for colorectal cancer,2025-09-21 14:34:58,"[26555952, 51682370, 78765063, 18884933, 40437000, 21962991, 42484558, 85865704, 2042139, 40434989]",80323e7e33c85e971c62223476cc2c73,[]
1,test_user,107,Physical activity and exercise in the context of SARS-Cov-2: a perspective from geroscience field,2025-09-21 14:45:02,[],475059bb2b6824999cc52d605911820e,[]
2,test_user,107,Persisting Neutralizing Activity to SARS-CoV-2 over Months in Sera of COVID-19 Patients,2025-09-21 14:49:44,"[147045092, 127445487, 161936456, 33247922, 139945974, 153559416, 149409593, 135012465, 258404988, 140009848]",8a7055381d20773910ca5866ca048d5d,"[('140009848', 'works')]"
1,test_user,108,Energy-efficient medium access control and routing protocol for multihop wireless sensor networks,2025-09-21 23:16:12,"[9319705, 26264962, 4856698, 37889742]",7c60f0a83a14f884a4889eb1a502844c,"[('4856698', 'works'), ('9319705', 'works')]"
2,test_user,108,An Energy Efficient Decentralized Detection Of System For Structural Health Monitoring In Wireless Sensor And Actuator Networks,2025-09-21 23:18:54,"[18076960, 40488111, 50507636, 83548644, 22350664, 8680233, 42936530]",474bb0f6b7f4206ca5a7f3b3d9a7ed2c,[]
1,test_user,109,Korean Guidelines for Diagnosis and Management of Chronic Heart Failure,2025-09-21 23:32:34,"[65598341, 65597857, 76527663, 65597836, 82140384, 44698634, 68993655, 50501626, 17701828, 8002740]",04e9c839db2664d831a6e0c6b4ad7303,"[('65597857', 'author'), ('65598341', 'author')]"
2,test_user,109,Ethnicity and variation in prognosis for patients newly hospitalised for heart failure: a matched historical cohort study,2025-09-21 23:35:59,[],1a1c6dd39ba91ac6d55d26e9a5d7ce99,[]
1,test_user,110,experience of students from junior high to college from peer pressure focusing in asian countries international 2020 to 2025,2025-09-22 01:12:10,"[9439824, 7184307, 37624768, 51531270, 2491444, 299469128, 50681187, 295633605, 292489098, 8738470]",dfde638b105fb36108e062c50f06406c,[]
2,test_user,110, students from junior high to college experience from academic peer pressure from 2020 to 2025,2025-09-22 01:16:14,"[9439824, 8062941, 9461039, 298303383, 26687266, 41323715, 30764214, 42617066, 295434834, 170433348]",410b7374e5457f32870a4b325aa7fc9c,"[('295434834', 'works')]"
1,test_user,111,Dark matter effects on hybrid star properties,2025-09-22 02:27:17,"[137357813, 17183924, 24755132, 54166096, 621988, 842750, 17135455]",5d90f944978958e41273961ad215a62c,"[('842750', 'works'), ('842750', 'author')]"
2,test_user,111,AMS-02 Antiprotons from Annihilating or Decaying Dark Matter,2025-09-22 02:30:48,"[24808272, 49550780, 17179891, 18059539]",193478970fd5445862b9693be3b49b0d,[]
1,test_user,112,Water quality � Radium-226,2025-09-22 02:48:14,"[25410574, 30783598, 33899807, 30664846]",6d2d37d20c9c38339c018a7dc8caf666,[]
2,test_user,112,"Water Quality Analysis of the Coastal Regions of Sundarban Mangrove Wetland, India Using Multivariate Statistical Techniques",2025-09-22 02:49:56,"[10925916, 41070813, 122610150, 139357944, 10959456, 155452533, 56830116, 55763188, 142914921, 122972141]",5a9b08778403708461b894fe909e8ef2,"[('56830116', 'works')]"
1,test_user,113,Warning Compulsive Behavior Preceding Acute Ischemic Stroke,2025-09-22 03:35:56,"[8864783, 78133703, 69389093, 45481776, 149929209, 5511894, 69234118, 128497494]",7993a4a419c5795e3e407d9cdc6b6c8c,"[('45481776', 'works')]"
2,test_user,113,Increased neutrophil-to-lymphocyte ratio predicts the development of post-stroke infections in patients with acute ischemic stroke,2025-09-22 03:36:18,"[14183217, 156810171, 29343812, 68452113, 131507146, 159184238, 8980850, 45449146, 293940859, 15069637]",f1919b04efe29092db84dbe32b95e2d7,[]
1,test_user,114,"Simultaneous determination of dopamine, ascorbic acid, and uric acid using helical carbon nanotubes modified electrode",2025-09-22 03:36:22,"[9199605, 14130607, 130523733, 10951652, 71884990, 55762644, 24085158, 4055734]",1de0cea41f4d0215dfed5cad8b7c1335,"[('55762644', 'works')]"
2,test_user,114,Computational modelling of thermo-mechanical and transport properties of carbon nanotubes,2025-09-22 03:37:05,"[24811605, 31350130, 31274380, 7037507, 45535427, 22336692, 39947401]",8db7542cdcdc6af0f602d03800a71f9b,[]
1,test_user,115,A Framework for the Process of Rehabilitation and Restoration of Degraded Land,2025-09-22 03:36:23,"[37137892, 7428434, 78572440, 8755489, 31269447, 31314524, 45819165, 37625376, 37629987, 23052795]",60db2fb844daaf81503f7a38777e6065,"[('31314524', 'works')]"
2,test_user,115,Integration framework of process planning based on resource independent operation summary to support collaborative manufacturing,2025-09-22 03:41:06,"[346739, 2035645, 5179283, 8035276, 268867, 2077026, 344408, 8703584]",7d1bb4f95093c04e70671e6dfa11ab7f,"[('8035276', 'works')]"
1,test_user,116,Personal Income Before and After Diagnosis of Multiple Sclerosis,2025-09-22 03:50:25,"[40106268, 78451417, 4416163, 8760107, 8790206, 12268355, 55040499, 48121756, 40438265, 19211931]",ca40b31551ba6953177810b96cb9c525,[]
2,test_user,116,Polyunsaturated fatty acids in multiple sclerosis therapy,2025-09-22 03:53:39,"[248045, 8847657, 86039576, 49536653, 8695717, 85863797, 8415579, 54944783, 41157095]",e8aeace6b71523a7ad86d5db21923a1b,"[('41157095', 'works')]"
1,test_user,117,Effective Theory Approach to Direct Detection of Dark Matter,2025-09-22 03:59:10,"[713787, 42845425, 17187368, 17200374, 17023033, 798702, 695000]",4022d790d827977f19f0871def621a6c,"[('713787', 'works'), ('713787', 'works')]"
2,test_user,117,The Dark Strangers,2025-09-22 04:02:04,"[48202076, 45201852, 31444502, 40369496, 1189045, 10282133, 46756738, 40106104, 4543932, 51423968]",5a5891567ef27110ce9dcdb32996826f,[]
1,test_user,118,Early-onset Alzheimer Disease Associated With Neuromyelitis Optica Spectrum Disorder,2025-09-22 04:00:52,"[43733237, 40965283, 128726249, 75646459, 14093154, 34020660, 37878693, 83873861, 59928746, 274721577]",55f28f88a1a2e1d11fe1b70397bcb789,"[('43733237', 'works')]"
2,test_user,118,Prevalence of respiratory disease and associated factors in an urban area of Delhi,2025-09-22 04:02:34,"[43152786, 8802097, 31273193, 20108352, 45840436, 18933323, 2699527, 29549476, 12763969, 4521542]",d75ab2693e26026de011fae039a9d60d,[]
1,test_user,119,Simulating Land-Cover and Land-Use Change in the Savanna Under Present Day and Future Climate Scenarios-A GIS-Based Approach,2025-09-22 04:03:00,"[20108165, 2599160, 45760692, 5744821, 37577222, 8421873, 24722745, 37620238, 31577127, 17488148]",b450feb26daa02bdd0b471d9f4a576c6,"[('24722745', 'works')]"
2,test_user,119,Land Use/Land Cover Change Analysis Using Object-Based Classification Approach in Munessa-Shashemene Landscape of the Ethiopian Highlands,2025-09-22 04:03:31,"[156689861, 134530117, 84391390, 56871082, 125371192, 144542374, 132312394, 134528410, 158226708]",a80d317123516fc6ee4ef1eb49777165,[]
1,test_user,120,Clinical Characteristics and Risk of Diabetic Complications in Data-Driven Clusters Among Type 2 Diabetes,2025-09-22 14:57:45,"[37882285, 231960, 85863352, 39674431, 1155650, 4762411, 25070790, 28180417, 39474885, 8699794]",7a5e6187ccb236659bbadf824c3dfccd,"[('4762411', 'author')]"
2,test_user,120,Family History in the Aetiology of Gestational Diabetes Mellitus and Type 2 Diabetes,2025-09-22 14:59:00,"[6837972, 10794948, 25001013, 147060861, 8824030, 18744142]",28559ef0e16ccc4a6eb319bf25d79819,[]
1,test_user,121,Design of a Simplified Wireless Sensor Network Node based on MQTT Protocol,2025-09-23 10:08:58,"[8752634, 58383855, 15029590, 31257662, 8362812, 8960053]",90eaffa8404fefd05a1e41473cae348d,"[('15029590', 'works')]"
2,test_user,121,LSec: Lightweight Security Protocol for Distributed Wireless Sensor Network,2025-09-23 10:10:17,[],ce3f673c3e951ea0139f7bef31337b9c,[]
1,test_user,122,Ai in medicine,2025-09-06 22:40:37,"[8865204, 8870181, 85865177, 23069926]",2fdd089c08f3ad94cd0e65e6fbf91c52,"[('8870181', 'works')]"
2,test_user,122,Ai inproving medicine,2025-09-06 22:41:50,"[36341965, 9456113, 128121964, 24876315, 5515354, 134820571, 14400846, 161559147, 146157394, 38297308]",5545ffe6bd916bd772c70b363b87505d,[]
1,test_user,123,On TB-SVQ Based Motion Compensated DCT Coding of Videoconference Sequence.,2025-09-06 23:29:13,[],5a8a0203c3a08c8d6d95c458382e25e5,[]
2,test_user,123,A Segmentation-Based Motion-Compensated Scheme for Low-rate Video Coding.,2025-09-06 23:31:01,"[40845277, 17383483, 40845578, 40842191, 36343184, 40845281, 17386992, 127848382]",a09009955fe51d082187dc3be7c910db,"[('40842191', 'works')]"
1,test_user,124,boids vr,2025-09-25 09:12:37,"[22086903, 4204727, 27270858, 160420352, 46867816, 125478712, 145297362, 147684506]",cc5324887a92757e8daa199987d9430d,"[('125478712', 'works')]"
2,test_user,124,swarm manipulation vr,2025-09-25 09:17:20,"[39082851, 4204727, 85880950, 47810971, 172024969]",053260edbbb4a71860141433e0bb2bd1,[]
1,test_user,125,Alfred Lord Tennyson literary skill,2025-09-25 10:10:12,"[33906898, 8101855, 44758885, 7563589, 8036805, 40310043, 15109293, 5428119, 8383321, 40498642]",aee7793f581fae87f4fda1548e743734,[]
2,test_user,125,Tennyson literary skill,2025-09-25 10:13:09,"[46210557, 46221550, 33689727, 8036805, 7984505, 46211638, 31595405, 40498642, 37977605, 15070452]",b012071f5858c53751500daf50f83c79,[]
3,test_user,125,Alfred Lord Tennyson,2025-09-25 10:13:40,"[123056393, 31608662, 10284236, 13919209, 68671898, 123207, 33906898, 40321012]",2a95161f4bc97a29fc585f79aa7d0cc5,"[('10284236', 'works')]"
4,test_user,125,Tennyson literary skill,2025-09-25 10:15:55,"[46224730, 33906898, 7563589, 44758885, 46759701, 46759919, 46759930, 15109293, 8101855, 46759943]",4fb0a4010b6567011803ceec8851f571,[]
1,test_user,126,portraiture as a research design ,2025-09-07 12:38:03,"[8863627, 48201784, 83385469, 257763, 62998421, 10144286, 47142148, 128498528]",3645adec0c22127a2d9b5c22a9dbb643,[]
2,test_user,126,portraiture as a research design in education in displacement settings,2025-09-07 12:38:23,"[30601604, 36987808, 8363081, 134161592, 130940778, 8384103, 96743004, 125833132, 148368289, 131793840]",06f389c082624171200e04eb93d9d5c3,"[('130940778', 'works'), ('130940778', 'works')]"
1,test_user,127,Safran Aerosystems,2025-09-26 16:56:00,"[135844655, 158305540, 18609694, 8017801, 156429188, 169911336, 159784406, 157668167]",b1c786a8460fd02d5f076e99e4cdba58,"[('156429188', 'works')]"
2,test_user,127,Safran Groupe,2025-09-26 17:00:37,"[14320770, 18072705, 14313903, 14294412, 26968888, 125588592, 902927, 17220624, 1129025, 721924]",2fc439742925fb78ec9cf2ab7fb5a373,[]
1,test_user,128,Mega Software Engineering.,2025-10-01 00:13:30,"[22114692, 946813, 62527500, 7294785, 18522936, 27579187, 42978304]",31e789343a06f903da68a68053a5de39,"[('946813', 'author')]"
2,test_user,128,The Management of Software Engineering. Part III: Software Design Practices.,2025-10-01 00:17:36,[],bdd6ba1a00a1c3fb7214f411ba420107,[]
1,test_user,129,Improving Analogy-Based Software Cost Estimation through Probabilistic-Based Similarity Measures.,2025-10-01 00:18:05,"[40841137, 345439, 4355602]",5ae7d72b47d6d4b9bc36e94f27a1e062,[]
2,test_user,129,Realising evidence-based software engineering.,2025-10-01 00:19:38,"[669374, 4868391, 4876678, 55366106, 4198553, 347530, 131835439]",6fce682f427e6aaf120f55d9338cf489,"[('55366106', 'author'), ('55366106', 'author'), ('55366106', 'author')]"
1,test_user,130,A Ranking of Software Engineering Measures Based on Expert Opinion.,2025-10-01 01:35:39,"[17130663, 7653684, 18097419, 78767277, 2927054, 216626, 2696169]",7eb6d64e8a860b8ae67a776e1ea5eb77,"[('7653684', 'author')]"
2,test_user,130,Cultural Models and their Interplay in Global Software-Engineering Practice.,2025-10-01 01:37:11,"[4200554, 2955458, 4191442, 8055053, 347254, 37994476, 2700549, 346427, 4195747]",eb4c41d222b4b81d1a3d5f2459340858,"[('4200554', 'author'), ('4200554', 'author'), ('4200554', 'author')]"
1,test_user,131,Horizontal and Vertical Structuring of Typed Graph Transformation Systems.,2025-10-01 01:36:50,"[18064235, 78118631, 4240866, 2034459, 9836980, 4763413, 40843097, 78119311]",32509b41342c2decffdffbb013a7c7aa,[]
2,test_user,131,Specification Matching of Web Services Using Conditional Graph Transformation Rules.,2025-10-01 01:37:50,"[153078, 54191336, 4355538, 945314, 5184873, 453565, 2449049]",26f62e5721a55eb75e1d4d65d6cab8cf,"[('2449049', 'author'), ('2449049', 'author'), ('2449049', 'author'), ('2449049', 'author')]"
1,test_user,132,A metamodeling approach for cross-layer optimization: A framework and application to Voice over WiFi.,2025-10-01 01:44:47,[],68bfc56dafad97caa42aa2ab4716562d,[]
2,test_user,132,A cross-layer protocol evaluation framework on ESB nodes.,2025-10-01 01:45:33,"[2395855, 9614224, 12283666, 19736158, 8203369, 247996, 6205916, 28008653]",7d89c0763aa6fc6ab461c09fea2cbbf3,"[('247996', 'author'), ('28008653', 'author'), ('8203369', 'author'), ('8203369', 'author'), ('247996', 'author')]"
3,test_user,132,A Low-Complexity Cross-Layer Optimization Algorithm for Video Communication Over Wireless Networks.,2025-10-01 01:48:57,"[346477, 17386453, 17150025, 29544967]",01946e0ff03689b3da5750f10d11d78a,"[('346477', 'author')]"
1,test_user,133,logistics innovator,2025-10-02 15:18:53,"[276515, 40073932, 2589950, 5013179, 62542198, 7360906, 40373989, 2762991, 23085240, 8869204]",6a1b2fd4edf1f1e991e6367142a56eb6,"[('7360906', 'works')]"
2,test_user,133,logistics customer data ,2025-10-02 15:23:43,"[24866651, 44686151, 8864927, 36007912, 125014743, 2042105, 54539484, 7794898, 17702009]",49c092990eb0090fe2c9b8f2c39dffb6,[]
3,test_user,133,logistics production-distribution,2025-10-02 15:26:35,"[3003574, 2951926, 23064992, 2758009, 2555590, 158307031, 2783066, 2655664, 2634226, 2637388]",18eee62c7c1642c992c5c12c8435e817,"[('2555590', 'works'), ('3003574', 'works')]"
1,test_user,134,conditions of worth,2025-10-02 18:29:07,"[33894432, 2812932, 694117, 2984956, 2847405, 2711233, 1121325]",e7934708522d88fd8b723bd279a36819,[]
2,test_user,134,self worth,2025-10-02 18:29:52,"[40557060, 77252792, 515751, 8760588, 33894432, 62531013, 78115025, 46359569, 135117317, 515759]",925dc73809cba87753b4fdd1ecd00b52,"[('40557060', 'works')]"
1,test_user,135,public service in Bangladesh,2025-10-06 12:01:58,"[19958534, 36989975, 123848402, 13055828, 36992117, 231428, 4351116, 2349865, 280015]",830c4e5ae91269f587bde30f168b4c1e,[]
2,test_user,135,good governance in Bangladesh,2025-10-06 12:06:41,"[48124890, 2835183, 61751867, 5264659, 7189001, 1199601, 154801841, 8364794]",fe3ce8337ed5a17e7f73d0de3a57008e,"[('5264659', 'works')]"
3,test_user,135,local government  in Bangladesh,2025-10-06 12:12:09,"[61751833, 61751645, 2464789, 2730856, 18710549, 61751870, 8059396, 4631422, 61751405, 2465075]",0d76bd2de5a30ea1c6bb3f0285134a35,"[('2730856', 'works')]"
1,test_user,136,activated charcoal,2025-10-07 17:25:35,"[61846415, 4864734, 62684786, 44983850, 136032678, 45591207, 51805337, 51495055, 135968296]",b261ea89da63bd3a2860817e73f84664,"[('61846415', 'works')]"
2,test_user,136,activated charcoal no2,2025-10-07 17:28:55,"[43612978, 17421900, 4475872, 6086914, 24876552, 44983850, 81748566, 24874680, 42936709]",88a1dc9a2be94f96852fff11162e6d49,[]
1,test_user,137,rammed earth and sustainable construction,2025-10-07 21:39:59,"[43963158, 9817755, 8681066, 26888007, 33905719, 42890410, 43473001, 8681132, 246688, 291053023]",d213db29e49e5daa39c909e193971954,"[('291053023', 'works')]"
2,test_user,137,rammed earth and winter climate,2025-10-07 21:41:10,"[43963158, 43473001, 7436216, 34113664, 37919326, 41009776, 8641945, 8677253, 9842792]",da025400b7be59c8649f18e773fc7771,[]
1,test_user,138,Reaction time athletes ,2025-10-09 18:06:22,"[5170137, 65541296, 7984236, 46586386, 39080636, 46214751, 41316433, 7562901]",3eebc950133fb52003bdc29ef078a7d2,"[('5170137', 'works')]"
2,test_user,138,Reaction time,2025-10-09 18:07:54,"[1107376, 552295, 957747, 2406170, 807298, 904073, 18084044, 1170954, 24799977]",4edb2f26df422977504d548bbeca5f68,[]
1,test_user,139,electronic component quantum,2025-10-10 21:12:40,"[633195, 775972, 940792, 783330, 17149236, 563865]",678e589c16b562ba55770b5ddc19544c,[]
2,test_user,139,semiconductor quantum,2025-10-10 21:12:59,"[151535021, 151535018, 899658, 33922978, 908208, 1144521, 1136471, 696326]",885470101577b07d2a95db3515556b47,"[('1136471', 'works')]"
1,test_user,140,Methods of implementing organizational ergonomics in the workplace,2025-10-12 17:08:39,"[18394029, 66416912, 2349663, 2349702, 2634469, 8696722, 18608476, 2349179, 528484, 65618496]",63508714852801fe2aba3d01d73f0ad2,[]
2,test_user,140,organizational ergonomics in the workplace,2025-10-12 17:10:01,"[18607793, 46727634, 18394029, 3114045, 4415562, 26257475, 66416912, 2349663, 18610048, 46225810]",4987dc08db13f002a4c8657f344ecd79,"[('18607793', 'works')]"
1,test_user,141,esports cafe uk,2025-10-13 09:07:05,"[37217293, 8151450, 19629118, 290067765, 171837360, 300212056, 41488875, 170163087, 143788922, 170163568]",a740671911823bd9f3fff13902ac1420,[]
2,test_user,141,esports cafe,2025-10-13 09:07:53,"[22592377, 22649143, 49429778, 130720693, 7904506, 22647928, 22648980, 22643513, 47622234, 7901580]",17aabc065f004d697ad375ba8640c23c,[]
3,test_user,141,esports cafe business,2025-10-13 09:08:15,"[40173458, 9451747, 7904837, 7903847, 70406724, 135365821, 295442054, 68407605, 174799992, 126416191]",e966b6d53ea7a16c318707115e4acb22,"[('135365821', 'works')]"
1,test_user,142,semiconductor industry quantum computing,2025-10-13 11:31:59,"[907158, 407335, 24800565]",37b5cdeabda2052d98677d2c561b931f,"[('907158', 'works')]"
2,test_user,142,semiconductor industry quantum communication,2025-10-13 11:35:26,"[31305835, 31339794, 17029392, 407335, 36341328, 146130811]",7acd73a1b5f32ffa99f57e05e877713e,[]
3,test_user,142,semiconductor layer quantum communication,2025-10-13 11:35:33,"[33922978, 669923, 1144521, 1136244, 2248530, 31339794, 31256355, 2250007]",5ea2dd394faf68f6755c83a1cc8a0e42,"[('1136244', 'works')]"
1,test_user,143,review of related literature about library usage in local,2025-10-15 08:30:08,"[36996622, 743767, 49425899, 18870563, 5114204, 9141756, 7984061, 40437466, 2419567]",fd75c706256b4b570fb30d2c7f47ccbc,[]
2,test_user,143,review of related literature about library usage in local only,2025-10-15 08:31:01,"[743767, 49425899, 5114204, 18870563, 9141756, 7984061, 2034580, 9462640, 2419567]",e17a7f16cc38161253b6f5876a285ecf,"[('743767', 'works')]"
3,test_user,143,library services,2025-10-15 08:36:01,"[46759871, 46759436, 18770205, 516917, 46758895, 9449813, 31415791, 18868472, 31448913]",bfc35b3edd9e888f788fe1e313793205,"[('31415791', 'works')]"
1,test_user,144,role of ai in society,2025-10-15 14:00:37,"[18502656, 18932709, 8862374, 40415722, 31446180, 52888735, 80466712, 8869355]",da4494977967e93fc63889d6ffd7b19a,"[('18502656', 'works'), ('18502656', 'works'), ('18502656', 'works')]"
2,test_user,144,AI and art,2025-10-15 14:01:13,"[47142148, 18502656, 44610176, 18700944]",68218e324e07bbb03c46637f279fca37,[]
1,test_user,145,Asymmetric Diffuser,2025-10-16 05:01:18,"[4468538, 7125849, 85975394, 24903038, 7125736, 4473556, 24888914, 124131419]",70796e7a21447e240c4958a28228c682,[]
2,test_user,145,2D Asymmetric Diffuser,2025-10-16 05:02:13,"[805287, 267842, 18088118, 30602832, 24787359, 533084, 24777249, 8681327]",d4c51916b7d431089e7008bd40ce7a71,"[('18088118', 'works')]"
1,test_user,146,design visual,2025-10-16 08:56:05,"[41652427, 64627441, 18609909, 18384875, 15106002, 42859740]",94b20472b79057d8c1d19c8ad75dc6ac,"[('15106002', 'works'), ('15106002', 'works')]"
2,test_user,146,visual identity design,2025-10-16 09:00:51,"[51617531, 21990669, 136054732, 128161068, 18387297, 8363580, 51617578, 45377148, 7294105, 30975403]",9e90407471e9645d2a11e2554bf378cc,[]
3,test_user,146,visual  design,2025-10-16 09:01:37,"[41652427, 64627441, 18609909, 18384875, 15106002, 42859740]",c371cd3e1f589e068620695848720a67,"[('64627441', 'works'), ('64627441', 'works')]"
1,test_user,147,Sustainable waste management in restaurants,2025-10-17 07:27:32,"[23065951, 8753059, 98529895, 37995978, 37000616, 36993042, 31278438, 74248332, 62637355]",99755f689d2135e248243b0f07396de0,"[('98529895', 'works')]"
2,test_user,147,Sustainable waste management and solution food service ,2025-10-17 07:30:46,"[267077, 31463388, 537720, 4372522, 37994862, 4611548, 37995978, 37991618, 17701989]",063b618252e89e13bbc4294a6ddf34f8,[]
1,test_user,148,Sustainable Bioplastic Production from Munggo (Vigna radiata) Beans Using the Simple Casting Method,2025-10-17 09:12:06,[],4281a36fdeaae8699d7fd8da01d2a401,[]
2,test_user,148,Sustainable Bioplastic Production from Munggo (Vigna radiata) Beans ,2025-10-17 09:12:28,[],15ff78e101424d0878c4a86ceeb69a4a,[]
3,test_user,148,Munggo (Vigna radiata) Beans ,2025-10-17 09:12:44,[37439961],b53bb9498ee8b8b1e52fb7d8e72e6bdf,"[('37439961', 'works')]"
1,test_user,149,imran khan from cricket to politics,2025-10-17 10:49:26,"[2926464, 5233403, 8986117, 7565919, 46400941, 7563291, 131424037, 7563098, 168219954, 18536938]",3947302ef1329ea2f885b227378af875,"[('168219954', 'works')]"
2,test_user,149,imran khan cricketer,2025-10-17 10:53:33,"[164332823, 168219954, 155199676, 7565919, 276253967, 127820755, 292944303, 129142201, 18689086]",094a0d315ed71e3168cb498e48c9491a,[]
1,test_user,150,China National Nuclear Corporation financing,2025-10-17 14:48:25,"[62634262, 2458294, 6989473, 36989082, 2469259, 36983512, 2762833, 2713718, 2580331, 34458506]",b9f08334a7afe0900e5820f134691e37,"[('2458294', 'works')]"
2,test_user,150,Nuclear Power Engineer financing,2025-10-17 14:49:17,"[5104948, 2605094, 4228668, 2872103, 33909204, 270458, 33890018, 24906761]",e3e3b1fb6cb2ba6a2f3673f2007ca141,[]
3,test_user,150,Nuclear Power Engineer future,2025-10-17 14:49:24,"[262002, 12363118, 18868316, 4361664, 4407730, 4271895, 49870842, 8955561, 8412114, 4468577]",99cfd1b818a90f8f57ec6befe5b63dc2,[]
4,test_user,150,Nuclear programs,2025-10-17 14:49:28,"[6989473, 24868965, 45007317, 43613105, 43618895, 43616906, 664765, 8858123]",5d0c882ad118bf8f503efbd369bca6ba,"[('24868965', 'works')]"
1,test_user,151,Visual control of a multi-robot coupled system: Application to collision avoidance in human-robot interaction.,2025-10-17 17:42:50,[],ab9084ee6249103eed2ee8267a18284e,[]
2,test_user,151,Programming a robot.,2025-10-17 17:44:00,"[4354493, 4354527, 24870864, 24876144, 42854534, 24873644]",9b146f40668f3e6b0e7af49d64fb989a,"[('24873644', 'works')]"
1,test_user,152,Philosophy of Mind,2025-10-18 14:11:03,"[8855177, 26263182, 26261328, 41650967, 8865776, 258272, 8856176, 259834, 52960570]",4fa8cdd9339c35a42f30ea5252b88a9e,"[('26261328', 'works'), ('8855177', 'works'), ('258272', 'works')]"
2,test_user,152,One dogma of philosophy of action,2025-10-18 14:13:56,"[8867915, 8859952, 8867517, 8868517, 8857998, 8864425, 27595469, 46676766, 8867641, 7931352]",4a3c34b3cda3f20c78341d71d0805c95,[]
1,test_user,153,Specifying and generating multilanguage software development environments.,2025-10-20 06:17:11,"[45439003, 123296185, 31222060, 299362084, 45036023, 8202747, 158371563, 47153420, 5128531, 153789311]",a8d4337f0484ba17f796a2c004025254,"[('158371563', 'works')]"
2,test_user,153,Business-Oriented Component-Based Software Development and Evolution.,2025-10-20 06:17:15,"[794001, 18043367, 4767214, 724634, 625735]",e52beab7aeb887868de4624b92379d01,[]
1,test_user,154,Modelling the MSSG in Terms of Cellular Automata.,2025-10-20 09:00:44,"[24325900, 130778888, 9009261, 131011377, 265753742, 82515108, 112790904]",9aa86bbc40552d5e6ba2dc4f33feba76,"[('82515108', 'works')]"
2,test_user,154,Synthesis of cryptographic interleaved sequences by means of linear cellular automata.,2025-10-20 09:02:40,"[700279, 132977995, 34248520, 15259383, 161948402]",c51e7346f6d83e7b21b0c6387fbd4f15,"[('161948402', 'works')]"
1,test_user,155,Child Development and Job Creation: How to Reap the 'Triple Dividend' From Early Childhood Education and Care Services.,2025-10-20 10:51:42,[],ee7d3bbda1f531da23971b3ffa0ad6e7,[]
2,test_user,155,Child Development and Job Creation,2025-10-20 10:54:04,"[37995673, 2635580, 36989023, 7079527, 36995632, 37997196, 38000881, 5102783, 36998418, 36995885]",2c598d487cf6c3c412ba81983269f5d3,"[('37995673', 'works')]"
1,test_user,156,"""Influence of Different Types of Wastes on Mechanical and Durability Properties of Interlocking Concrete Block Paving (ICBP)""",2025-10-20 14:57:16,"[292887620, 158055252, 294779780, 161756808, 141815237, 140819477, 233122625, 141815448, 137175375]",6a3c3623d48b686ab9a989708404923d,"[('292887620', 'works')]"
2,test_user,156,Interlocking Concrete Block Paving (ICBP): A Review,2025-10-20 15:02:06,"[292887620, 9877999, 170261098, 9869648, 122919781, 41379971, 9805660, 6482831, 292765765, 294779780]",ca5afafdef6e4915e0b99e606ce32049,[]
1,test_user,157,Proving Properties of Constraint Logic Programs by Eliminating Existential Variables.,2025-10-20 18:59:21,"[6953268, 5229556, 24739987, 5218937, 5218911, 944676]",bf22897c0a886e27d550554135976587,[]
2,test_user,157,Combining Logic Programs and Monadic Second Order Logics by Program Transformation,2025-10-20 19:01:48,"[52222399, 944671, 17186970, 6953268, 8983766, 944820, 42859985]",4a800bd416b84ba798df6734e788186a,[]
3,test_user,157,Contextual Specialization of Constraint Logic Programs.,2025-10-20 19:02:08,"[4852559, 944799, 5177340, 138009930, 2535061, 2525399, 2079352, 12822413]",25d8a93d2994d9a67328a627458342c8,"[('2525399', 'works')]"
4,test_user,157,Synthesis and Transformation of Logic Programs Using Unfold/Fold Proofs.,2025-10-20 19:05:57,"[8985615, 5218937, 6953268, 17149310, 944024, 5218896, 943050, 943045, 24739987]",e0121fcc5f3c78530eb1a37b8d689079,"[('944024', 'works')]"
1,test_user,158,Logic programming as a service.,2025-10-20 22:19:05,"[17198987, 8839638, 8661530, 28047669, 656539]",73e02fff812f396f7af6693832b22e83,"[('28047669', 'works')]"
2,test_user,158,Web Service = E + F + I.,2025-10-20 22:19:26,"[9832307, 4861612, 673427, 18099434, 8980070]",1322b73c35dd5fcf8eaa5b03262aa943,"[('9832307', 'author'), ('9832307', 'author'), ('9832307', 'author'), ('9832307', 'author'), ('9832307', 'author'), ('9832307', 'author'), ('9832307', 'author'), ('9832307', 'author'), ('9832307', 'author')]"
1,test_user,159,"Proceedings of Answer Set Programming and Other Computing Paradigms (ASPOCP 2012), 5th International Workshop, September 4, 2012, Budapest, Hungary",2025-10-20 22:47:03,[274346207],e458ad555e43d48e5794c9bf525bcf62,"[('274346207', 'works'), ('274346207', 'works')]"
2,test_user,159,Performance Tuning in Answer Set Programming.,2025-10-20 22:51:00,"[42872770, 752610, 49549123, 706218, 42852954, 17227562]",083b0dd850474e73d1019dc3e61bbec2,[]
1,test_user,160,quantum to classical,2025-10-21 12:32:18,"[37920799, 17185160, 1145611, 1150794, 1149939, 555061, 17012861]",c124ce068b465dd7c6d251eadb3d15fb,[]
2,test_user,160,from quantum to classical,2025-10-21 12:32:28,"[17185160, 1149939, 42844417, 81791845, 1136897, 17229898, 1145611]",80fae7720d7b752c4008b22cc61dea10,"[('17229898', 'works')]"
1,test_user,161,Quantum internet company,2025-10-21 13:14:45,"[12360465, 4229904, 24706396, 18098264]",79fdcc21d45dddd3494fff9251283770,[]
2,test_user,161,Quantum internet,2025-10-21 13:15:08,"[17021329, 69364353, 51398801, 1147828, 85599864, 18091302]",5574e02fdfe286852876bab7a33c55b8,"[('51398801', 'works'), ('18091302', 'works')]"
1,test_user,162,"sufism, deep ecology, ecocrisis",2025-09-10 04:54:35,[96627558],e3460917ca65f1b98cebd48f56fd77a7,"[('96627558', 'works')]"
2,test_user,162,sufism,2025-09-10 04:55:11,"[77785912, 41323207, 71900621, 85462516, 48201153, 8863082, 8986380, 37588944, 43515498, 26247013]",faeacff6843b5f6a67c80fc639e0b798,[]
1,test_user,163,colour semiotics,2025-10-24 10:36:04,"[24968698, 26256972, 24706940, 25731354, 77633883, 19856762, 8859648, 4190402]",b418e0f46983cb63b8c86fc84f14e8af,"[('24968698', 'works')]"
2,test_user,163,color semiotics,2025-10-24 10:37:11,"[77633883, 4526191, 8859648, 41646896, 44761015, 37480937, 47910794, 8863583, 43152036]",965e0537ba7a95ef3005c5a626e5578c,[]
1,test_user,164,Advances in Computational and Mathematical Methods in Science and Engineering.,2025-10-26 14:19:28,"[126168492, 37625141, 18046535, 4865847, 4833044, 45149041, 10710078, 42537531]",45fc07653c9b92acc783e6cf8f68c985,[]
2,test_user,164,Computational and mathematical methods in science and engineering.,2025-10-26 14:20:34,"[170344062, 18058414, 24756634, 46476771, 45153232, 170344162, 51937384, 126168492]",5c2abf5b7da3da3ec65e9a2638c68d5e,"[('170344062', 'works')]"
1,test_user,165,smart biomaterials for tissue regeneration,2025-10-26 18:51:47,"[83610966, 16102146, 14064175, 86028877, 52986839, 85869272, 46035961, 9805648, 29565358]",85b86cd91455bc54bdba941e65e1f772,[]
2,test_user,165,smart biomaterials ,2025-10-26 18:54:22,"[18521402, 83610966, 68994649, 451583, 6852070, 40845507, 16102146, 18758836, 31279878, 85869272]",856682b321678045e6aa13d87ac2857d,"[('83610966', 'works')]"
1,test_user,166,COMMUNITY ROAD DAMAGE REPORTING,2025-10-27 11:30:20,"[63032619, 9361419, 37469873, 36994617, 9444018, 123841175, 7466811, 536931, 123841212, 37994516]",b56c231563e32425de8a0735675c0e0a,"[('63032619', 'works'), ('63032619', 'works')]"
2,test_user,166,COMMUNITY ROAD DAMAGE REPORTING SYSTEM ,2025-10-27 11:36:27,"[63032619, 9361419, 37469873, 9444018, 123841175, 36994617, 536931, 123841212, 123841209, 7930340]",c29a1c9688147886fa79e51202afdd61,"[('37469873', 'works')]"
3,test_user,166,BARANGAY COMMUNITY ROAD DAMAGE REPORTING SYSTEM ,2025-10-27 11:38:22,"[39857210, 158315893, 2978668, 2978290, 2632338, 2508101, 2977915, 2827195, 45809471, 2978278]",c1a707eb0d74aadb17e9022fbd3a325b,[]
1,test_user,167,savings and daily allowance for students foreign ,2025-09-10 12:08:47,"[37974377, 9445546, 144269934, 5105731, 18886640, 12526861, 3010115, 5106459, 2596306, 12522570]",f0fa59492611105a3fa69a0436402400,[]
2,test_user,167,savings and daily allowance for highschool ,2025-09-10 12:11:21,"[12521374, 12521053, 2846087, 34015908, 44506017, 36988129, 46058025, 31441768, 33890627]",78dffa2488cacc9bdc09164e30ec9279,"[('12521053', 'works')]"
3,test_user,167,related to topic savings and allowance in highschool ,2025-09-10 12:13:25,"[2323809, 12521374, 2799980, 27084399, 31621775, 34020287, 36988129, 37056102, 138010158, 46356963]",7552920b9c3c9ffdd84ef62d092a64a8,"[('2799980', 'works')]"
1,test_user,168,Biofuels environmental impacts,2025-10-28 22:05:30,"[2485629, 2956261, 2672199, 44145850, 36992938, 17490027, 158289995, 2955713, 5186993]",a44c2fd5eb1bf5e6b1ec159f3c0a7200,[]
2,test_user,168,socioeconomic impacts,2025-10-28 22:07:54,"[407904, 9151440, 2855407, 25512665, 39829114, 4228473, 2660201, 123194, 2977510, 3219948]",cc42302c0ae246cec4e59ed01443bbd4,"[('123194', 'author'), ('123194', 'author')]"
1,test_user,169,Chain contraction at the critical overlap concentration,2025-10-30 01:59:48,"[896982, 17200218, 17156131, 1264001, 4354770, 270490, 44151617]",750c88ba333abb8f932d79ade1603d9f,"[('4354770', 'author')]"
2,test_user,169,muscle contraction,2025-10-30 02:00:52,"[6841728, 9274498, 2250616, 77567585, 85863512, 49170980, 28620152, 2250628, 85863299, 71495835, 85868969, 85862658, 735992, 25135192, 17702946, 77743209, 5228043, 41640499, 42987077, 17700352, 2254854, 41658779, 14307082, 43152782, 6806875, 30343614, 82135372, 5161416, 24817801, 28520900, 48652858, 28187791, 24909997, 78592245, 10126993, 41655525, 8785617, 17704391, 26562258, 25856641, 85860904, 24877266, 17211161, 53990953, 41647252]",92361585b573735c6c7ba7e2cd48b0dd,[]
1,test_user,170,intouchables film,2025-11-02 15:21:46,"[31239164, 25858399, 36331942, 22168554, 127898344, 20673744, 148982775, 33371176, 12130483]",737f2bf30f759435d890e1df5e7b0ea9,"[('31239164', 'works')]"
2,test_user,170,intouchables disability,2025-11-02 15:22:12,"[166080826, 26612929, 22618472, 14064649, 166178941, 66732823, 114106287, 143446520, 67371562, 46611716]",ec27612888ea5bd48ed0137a61cb9f18,[]
1,test_user,171,plastic waste animals,2025-11-05 01:27:59,"[62047306, 40360780, 85860378, 6815199, 40141075, 40821463, 6814620, 37000616, 8870697]",d3faf6f8d60c9086cc018d0581de5d12,[]
2,test_user,171,plastic ban,2025-11-05 01:28:03,"[2717772, 40821508, 40415777, 36997572, 37608551, 40821807, 33010389, 58968718, 46674978, 36993194]",553ce6741bb97cad4f8a639a2daf9326,[]
3,test_user,171,plastic waste marine animals,2025-11-05 01:30:15,"[85860378, 62047306, 40141075, 40821463, 6815199, 8870697, 40821508, 6814620, 40360780]",acfd9738d8c8e88770895347802ea1f7,"[('8870697', 'works')]"
1,test_user,172,origin on life,2025-11-09 20:07:29,"[314236, 2248648, 26053245, 655660, 47501558, 7641808]",a4a399bbc3a442f36032e8ee67936abf,[]
2,test_user,172,origin of life on Earth,2025-11-09 20:07:37,"[655660, 24862953, 47501558, 26053245, 24698269, 4492796]",8e30680f8f780dea264d570964bf0728,"[('655660', 'works'), ('655660', 'works')]"
1,test_user,173,Influence,2025-09-11 04:12:05,"[12366644, 1254910, 8221064, 27396819, 136049685, 136065968, 46512716, 2843817, 77785773, 140358616]",aa9e8cafecdcbc317504a8e4a3e6e73b,"[('1254910', 'author'), ('1254910', 'author'), ('140358616', 'works')]"
2,test_user,173,influence of marketing strategies on the career choiches of abm strand students,2025-09-11 04:14:14,[],195843a44c9e42666b53a278193fee07,[]
1,test_user,174,A Unified Early Stopping Criterion for Binary and Nonbinary LDPC Codes Based on Check-Sum Variation Patterns.,2025-09-11 05:08:19,"[63574714, 8957575, 143276074, 8788850, 127534843, 6397818, 47902967, 205488632, 146419419]",1a93d5b6a635625c2facd85e906e33df,[]
2,test_user,174,Improved Decoding Algorithms of LDPC Codes Based on Reliability Metrics of Variable Nodes.,2025-09-11 05:08:41,"[4837490, 4835630, 50750605, 18074896, 6495412]",3fa5ce623c0575131c98d913f74c665a,"[('50750605', 'works')]"
1,test_user,175,Heavy Metals,2025-11-11 08:26:44,"[41266174, 41266311, 907720, 9108785, 8257806, 77254038, 5188129]",877ed28b8f737ecc29add26d0ad0189b,"[('907720', 'author'), ('907720', 'author'), ('41266174', 'author'), ('907720', 'author'), ('907720', 'author'), ('41266174', 'works'), ('77254038', 'works'), ('8257806', 'author'), ('8257806', 'author'), ('9108785', 'author'), ('8257806', 'author'), ('907720', 'author'), ('907720', 'author'), ('907720', 'author')]"
2,test_user,175,Philippines Republika ng Pilipinas Palawan heavy metals in soil,2025-11-11 08:26:47,[],7436eb1408ccb4d3059aa7b502b3573e,[]
1,test_user,176,for rescue operations,2025-11-11 12:18:32,"[4468043, 14298400, 47748499, 43603729, 14296007]",1b0d5e42e3db43d10c06e369a1d4ffd4,[]
2,test_user,176,uav for rescue operations,2025-11-11 12:18:55,"[44759883, 43883343, 58954378, 19211271, 40842398]",b22a95ceab2389ae9baa71c5d75c8ea0,"[('44759883', 'works')]"
1,test_user,177,Chinese Literature,2025-11-12 02:11:10,"[40357657, 120301125, 40357871, 40357713, 1244619, 28021744, 28021597, 44743132, 28023473]",62afc792380f6931df5d84f08008d894,[]
2,test_user,177,The comparison between Chinese and foreigh literature,2025-11-12 02:13:43,"[18985132, 2581349, 3015139, 2476333, 135036435, 3106548, 74850628, 71407360, 2331607]",49182bbf82e65c0c1ff10cdd9219bf54,"[('18985132', 'works')]"
1,test_user,178,Gray scale for color change for stain removal ,2025-09-11 11:08:39,"[5231068, 44599747, 8856305, 235187, 45956430, 24910276, 9823105]",dbdb9041b5cac4aeceb971832782c2da,[]
2,test_user,178,Gray scale for color change,2025-09-11 11:08:52,"[46207415, 18084635, 78285569, 18028015, 52319666, 41664505, 38995712]",8a146bf40546620342d56c9171f10bb4,"[('18084635', 'works')]"
1,test_user,179,Automated watering system ,2025-09-11 13:16:28,"[67885368, 62900112, 6953154, 52451641, 77231385, 18030195, 19214107, 9617457, 62545782]",ed9d0261495f54c271f2320a58f85ed6,[]
2,test_user,179,Automated watering system in gardens,2025-09-11 13:16:58,"[67885368, 52451641, 8016908, 30786847, 235007, 9452297, 8015479, 31630044, 26560089, 234891]",6c86734a7fd874ca5f0d7e5779dd1a7d,"[('30786847', 'works')]"
1,test_user,180,measure computer vision,2025-09-11 13:59:39,"[52221604, 43883574, 58968590, 24745173, 17186691, 24922512, 4853477]",f07c6c49fc3fe4fa3f9f3540721c8e0b,[]
2,test_user,180,measure smartphone distortion  computer vision,2025-09-11 14:02:03,"[85600414, 42855703, 58977150, 18037122]",4f7631e4b352a7c51d47445dcf6b6055,"[('42855703', 'works')]"
1,test_user,181,Heat Treatment,2025-11-14 12:11:00,"[4475205, 51721126, 17019966, 44992861, 24865775, 41660183, 5180650, 29546727]",d71a81463ca468d5406335ec74a7265b,"[('17019966', 'author'), ('29546727', 'author'), ('51721126', 'author'), ('44992861', 'author'), ('5180650', 'works'), ('5180650', 'works'), ('24865775', 'works'), ('17019966', 'author')]"
2,test_user,181,heat shock,2025-11-14 12:12:13,"[135319047, 2254274, 85859495, 6840858, 24757496, 241511, 24891546, 4466881, 34101776, 24878762, 2255218, 24868245, 18626472, 4465606, 85861591, 40317000, 7604146, 24860877, 2252489, 39080368, 24807197, 2248375, 942429, 24923315, 7797627, 132315280, 555441, 17047939, 2254529, 43615654, 34101833, 9077784, 42984741, 4473714, 85858777, 38766425, 43629436, 24872986, 49549122, 47004554, 4473864, 4372639, 4465689]",974752a77772e228d9afc95f298946ac,[]
